step,system_total_stopped,system_total_waiting_time,system_mean_waiting_time,system_mean_speed,t_stopped,t_accumulated_waiting_time,t_average_speed,agents_total_stopped,agents_total_accumulated_waiting_time,TimeLimit.truncated,episode,terminal_observation
5.0,0,0.0,0.0,12.83407538641566,0,0.0,0.9122192715722908,0,0.0,False,,
10.0,0,0.0,0.0,12.272226215965667,0,0.0,0.8803597518924534,0,0.0,False,,
15.0,2,6.0,0.5,4.963887193292996,2,6.0,0.0786556838282896,2,6.0,False,,
20.0,6,26.0,2.1666666666666665,4.761671588266935,6,26.0,0.0,6,26.0,False,,
25.0,4,36.0,2.25,9.023426302409252,4,36.0,0.6666666666666666,4,36.0,False,,
30.0,4,56.0,2.8,10.260982093367296,4,56.0,0.6667934292701555,4,56.0,False,,
35.0,2,40.0,2.2222222222222223,8.279258374192215,2,40.0,0.6214702536756765,2,40.0,False,,
40.0,9,66.0,4.125,2.024135025984831,9,66.0,0.007093158297568656,9,66.0,False,,
45.0,12,121.0,7.5625,2.8537853270961375,12,121.0,2.2992468271497095e-05,12,121.0,False,,
50.0,12,181.0,6.464285714285714,6.47216977209758,12,181.0,0.422524117087178,12,181.0,False,,
55.0,10,207.0,8.625,6.304487010839338,10,207.0,0.49672847304742196,10,207.0,False,,
60.0,9,218.0,9.083333333333334,4.804068191438017,9,218.0,0.3045367895110832,9,218.0,False,,
65.0,15,280.0,11.666666666666666,4.30093320439597,15,280.0,0.0012067305267861655,15,280.0,False,,
70.0,16,360.0,15.652173913043478,4.031690433922913,16,360.0,1.6004204201030715e-06,16,360.0,False,,
75.0,16,440.0,15.714285714285714,5.105372337255628,16,440.0,0.37989864217057306,16,440.0,False,,
80.0,14,483.0,17.25,5.392580075371346,14,483.0,0.42089095331998433,14,483.0,False,,
85.0,18,558.0,19.928571428571427,2.4944854867812665,18,558.0,0.11152299382041894,18,558.0,False,,
90.0,24,669.0,23.892857142857142,1.7371418774592986,24,669.0,0.00029451229707062084,24,669.0,False,,
95.0,22,629.0,24.192307692307693,0.9971276621845172,22,629.0,0.0,22,629.0,False,,
100.0,16,505.0,13.64864864864865,5.913867119843861,16,598.0,0.3961906387526223,16,598.0,False,,
105.0,16,585.0,16.25,6.009020500672732,16,585.0,0.3087109110687085,16,585.0,False,,
110.0,22,541.0,15.457142857142857,2.6410932942212217,22,541.0,0.01557635107226486,22,541.0,False,,
115.0,16,187.0,6.233333333333333,3.167267327460076,16,501.0,0.08807446304369455,16,501.0,False,,
120.0,12,213.0,7.607142857142857,5.866388288653399,12,307.0,0.16270677434496475,12,307.0,False,,
125.0,12,200.0,5.405405405405405,6.787887792129086,12,294.0,0.40894999447238994,12,294.0,False,,
130.0,10,112.0,3.393939393939394,6.043352467593921,10,256.0,0.3538456903942959,10,256.0,False,,
135.0,15,170.0,5.666666666666667,4.855952552463597,15,264.0,0.06303460595060546,15,264.0,False,,
140.0,18,259.0,9.25,4.681867038192999,18,353.0,1.1813348003881842e-06,18,353.0,False,,
145.0,16,305.0,10.166666666666666,5.227796776441421,16,341.0,0.3333333333333333,16,341.0,False,,
150.0,8,223.0,7.433333333333334,6.834436638184295,8,333.0,0.4821218977117186,8,333.0,False,,
155.0,8,263.0,8.766666666666667,7.7466836481840655,8,263.0,0.41431605789306036,8,263.0,False,,
160.0,14,319.0,11.392857142857142,5.361251693593182,14,319.0,0.0028191574232082064,14,319.0,False,,
165.0,14,286.0,12.434782608695652,3.7769531841182875,14,286.0,1.1166370680017722e-05,14,286.0,False,,
170.0,10,260.0,8.666666666666666,7.61067492935721,10,276.0,0.49580991816599645,10,276.0,False,,
175.0,10,310.0,11.071428571428571,8.455521656754348,10,310.0,0.5099245404975663,10,310.0,False,,
180.0,9,223.0,8.576923076923077,4.467925427397282,9,223.0,0.21259958330997214,9,223.0,False,,
185.0,13,128.0,5.818181818181818,2.6939056389690172,13,155.0,0.05603360166826637,13,155.0,False,,
190.0,14,198.0,9.0,4.2071126803690255,14,198.0,7.587661211252868e-07,14,198.0,False,,
195.0,12,194.0,5.878787878787879,6.817346749272924,12,194.0,0.43921104281415024,12,194.0,False,,
200.0,6,101.0,3.607142857142857,8.102162657285314,6,147.0,0.5683968535655733,6,147.0,False,,
205.0,8,133.0,5.115384615384615,6.332963716662344,8,133.0,0.24861541942146173,8,133.0,False,,
210.0,14,196.0,8.166666666666666,5.169125511062531,14,196.0,0.0001520030022779452,14,196.0,False,,
215.0,12,202.0,11.882352941176471,2.1083203702929003,12,202.0,0.0,12,202.0,False,,
220.0,6,131.0,4.678571428571429,8.031468323803411,6,165.0,0.5554229769091817,6,165.0,False,,
225.0,6,161.0,6.1923076923076925,9.665723840784763,6,161.0,0.6203237398985172,6,161.0,False,,
230.0,8,148.0,6.434782608695652,3.8210129642528337,8,148.0,0.07391992003268923,8,148.0,False,,
235.0,14,213.0,11.210526315789474,2.8835241245787144,14,213.0,0.00014361997286507406,14,213.0,False,,
240.0,14,283.0,15.722222222222221,2.6483782534987292,14,283.0,0.0,14,283.0,False,,
245.0,12,320.0,11.428571428571429,6.44818751857307,12,320.0,0.4744906592148114,12,320.0,False,,
250.0,10,341.0,13.115384615384615,6.590641094213343,10,341.0,0.44455041163650644,10,341.0,False,,
255.0,17,408.0,15.692307692307692,4.2536506628331825,17,408.0,0.014292795795515357,17,408.0,False,,
260.0,18,496.0,21.565217391304348,2.85902825781105,18,496.0,1.806900680071494e-06,18,496.0,False,,
265.0,16,420.0,15.555555555555555,4.604073212247376,16,420.0,0.3333333333333333,16,420.0,False,,
270.0,10,255.0,8.5,7.148354002337862,10,285.0,0.4737831318362126,10,285.0,False,,
275.0,10,305.0,10.166666666666666,6.486511974659042,10,305.0,0.3076306333646367,10,305.0,False,,
280.0,17,324.0,11.571428571428571,2.975976051373937,17,324.0,0.003376649027110791,17,324.0,False,,
285.0,17,404.0,16.16,3.345792927371137,17,404.0,4.435243350375517e-06,17,404.0,False,,
290.0,17,489.0,14.818181818181818,6.069176111773862,17,489.0,0.3692550273045879,17,489.0,False,,
295.0,16,558.0,18.0,5.789453200544536,16,558.0,0.39557751674599,16,558.0,False,,
300.0,17,640.0,22.06896551724138,2.3376152865546365,17,640.0,0.08288324705416658,17,640.0,False,,
305.0,26,756.0,26.06896551724138,1.34790796642504,26,756.0,0.00024629889279497103,26,756.0,False,,
310.0,26,886.0,32.81481481481482,0.45443857387171244,26,886.0,2.8605035213265765e-07,26,886.0,False,,
315.0,24,846.0,22.263157894736842,3.8973859244832276,24,846.0,0.2890061435241843,24,846.0,False,,
320.0,14,351.0,9.236842105263158,4.848878092522896,14,770.0,0.31320281539751954,14,770.0,False,,
325.0,12,322.0,8.473684210526315,4.482378609021724,12,489.0,0.12762398728291072,12,489.0,False,,
330.0,18,409.0,11.36111111111111,5.813647568538254,18,451.0,0.17657530449868444,18,451.0,False,,
335.0,17,480.0,14.545454545454545,4.16805670031613,17,481.0,0.00759923362260668,17,481.0,False,,
340.0,20,577.0,15.18421052631579,6.133620771817624,20,578.0,0.35925055749474205,20,578.0,False,,
345.0,20,677.0,19.91176470588235,4.221897338375629,20,678.0,0.2755721399648001,20,678.0,False,,
350.0,27,654.0,20.4375,0.17886820047435395,27,655.0,0.004915033886527001,27,655.0,False,,
355.0,20,321.0,10.03125,2.0583995908503447,20,634.0,0.06274403448611456,20,634.0,False,,
360.0,16,373.0,11.65625,5.1228728083833595,16,461.0,0.1286903958914183,16,461.0,False,,
365.0,16,395.0,9.875,6.190701204058136,16,482.0,0.36216013073162406,16,482.0,False,,
370.0,14,334.0,9.542857142857143,4.939097074982896,14,473.0,0.2869605860250676,14,473.0,False,,
375.0,21,423.0,12.441176470588236,4.341250007998304,21,510.0,0.0653443326905199,21,510.0,False,,
380.0,22,382.0,11.9375,3.3280326514383125,22,469.0,3.3405134584028935e-05,22,469.0,False,,
385.0,16,274.0,8.058823529411764,5.619648972272731,16,446.0,0.3412755868131723,16,446.0,False,,
390.0,16,354.0,9.833333333333334,6.839736425845875,16,441.0,0.39568436639885046,16,441.0,False,,
395.0,14,400.0,11.764705882352942,4.852828741394672,14,487.0,0.2539067013682875,14,487.0,False,,
400.0,21,494.0,17.03448275862069,2.468425952726113,21,581.0,0.02115993155799906,21,581.0,False,,
405.0,22,604.0,21.571428571428573,2.6930742262122527,22,691.0,0.0,22,691.0,False,,
410.0,20,691.0,17.71794871794872,5.463629023655904,20,778.0,0.34124014222307847,20,778.0,False,,
415.0,20,791.0,23.264705882352942,5.055201825060131,20,878.0,0.34765241675346625,20,878.0,False,,
420.0,23,895.0,26.323529411764707,2.535237569071572,23,982.0,0.11835987021955022,23,982.0,False,,
425.0,27,878.0,27.4375,0.8789749089267356,27,965.0,0.0008706501223034677,27,965.0,False,,
430.0,22,818.0,25.5625,2.684189268215861,22,977.0,0.05510837518527005,22,977.0,False,,
435.0,22,928.0,22.095238095238095,5.991898277959445,22,1015.0,0.3193354924934101,22,1015.0,False,,
440.0,22,1038.0,25.95,4.767478054170246,22,1125.0,0.2522203839717926,22,1125.0,False,,
445.0,25,1001.0,27.805555555555557,1.504185409074461,25,1031.0,0.06234711920956257,25,1031.0,False,,
450.0,22,399.0,11.735294117647058,1.7049196769781778,22,975.0,0.056262068886408216,22,975.0,False,,
455.0,14,223.0,6.5588235294117645,4.354647615506611,14,666.0,0.1263467851654809,14,666.0,False,,
460.0,12,234.0,5.2,7.049648907956609,12,628.0,0.41562412092090223,12,628.0,False,,
465.0,17,310.0,7.948717948717949,4.432207734998785,17,704.0,0.24333623129913975,17,704.0,False,,
470.0,25,420.0,11.666666666666666,1.4167635618008763,25,814.0,0.004069421792663233,25,814.0,False,,
475.0,30,468.0,13.0,1.3728026184555886,30,862.0,7.107985604095983e-05,30,862.0,False,,
480.0,20,328.0,9.93939393939394,2.2478438523770117,20,881.0,0.05765391724115393,20,881.0,False,,
485.0,20,428.0,9.727272727272727,6.6390067579908,20,840.0,0.3667940549609769,20,840.0,False,,
490.0,20,467.0,11.119047619047619,4.40463155010943,20,772.0,0.1849297116619919,20,772.0,False,,
495.0,20,287.0,7.972222222222222,2.5497050611166108,20,708.0,0.06643235593827441,20,708.0,False,,
500.0,14,240.0,7.0588235294117645,4.382489590935084,14,463.0,0.09838614660441884,14,463.0,False,,
505.0,12,285.0,7.3076923076923075,6.4312778187028385,12,508.0,0.3620309166311951,12,508.0,False,,
510.0,20,369.0,9.461538461538462,5.740636566884233,20,592.0,0.3297785093148087,20,592.0,False,,
515.0,23,476.0,13.222222222222221,2.0959154646208185,23,699.0,0.10634624751901223,23,699.0,False,,
520.0,31,622.0,18.294117647058822,0.7426336199063965,31,845.0,0.0013195240556306215,31,845.0,False,,
525.0,30,709.0,20.852941176470587,0.8704056961022548,30,914.0,1.2152397912997625e-06,30,914.0,False,,
530.0,22,667.0,14.822222222222223,5.055906586093721,22,915.0,0.3045129687190904,22,915.0,False,,
535.0,22,777.0,17.65909090909091,6.080309121997553,22,982.0,0.31957451890185995,22,982.0,False,,
540.0,25,894.0,21.804878048780488,3.3607674472975684,25,1099.0,0.07621492784255833,25,1099.0,False,,
545.0,30,1037.0,28.805555555555557,1.2628628081108586,30,1242.0,0.0007357022627117466,30,1242.0,False,,
550.0,32,1197.0,34.2,1.0109724599932475,32,1402.0,1.2573257630693036e-06,32,1402.0,False,,
555.0,30,1139.0,25.886363636363637,3.6210922853756062,30,1344.0,0.2582721417077091,30,1344.0,False,,
560.0,22,847.0,19.25,4.2016601938851315,22,1295.0,0.24839991572048897,22,1295.0,False,,
565.0,28,971.0,22.068181818181817,3.5154221074125416,28,1176.0,0.05506444562706975,28,1176.0,False,,
570.0,32,1119.0,26.642857142857142,2.5227608081739685,32,1324.0,0.00018638003149032802,32,1324.0,False,,
575.0,32,1279.0,35.52777777777778,1.2847122803758293,32,1484.0,0.0,32,1484.0,False,,
580.0,32,1439.0,31.282608695652176,3.8620527282712374,32,1644.0,0.2420073619273346,32,1644.0,False,,
585.0,34,1604.0,36.45454545454545,2.0307398477587046,34,1809.0,0.15071811206986155,34,1809.0,False,,
590.0,39,1789.0,40.65909090909091,0.5799572783558333,39,1994.0,0.0009565892854405189,39,1994.0,False,,
595.0,42,1998.0,45.40909090909091,0.5568813664993806,42,2203.0,1.3306214567336554e-06,42,2203.0,False,,
600.0,42,2208.0,50.18181818181818,0.5599760736298891,42,2413.0,0.0,42,2413.0,False,,
605.0,42,2418.0,44.77777777777778,2.2742801923240035,42,2623.0,0.1674151992643272,42,2623.0,False,,
610.0,46,2642.0,48.925925925925924,1.009916987014913,46,2847.0,0.07502846769128366,46,2847.0,False,,
615.0,51,2889.0,53.5,0.5008634629651363,51,3094.0,0.00025343631449579557,51,3094.0,False,,
620.0,50,3047.0,56.425925925925924,0.5578756343190262,50,3252.0,0.0,50,3252.0,False,,
625.0,46,3203.0,53.38333333333333,2.6893147669607673,46,3423.0,0.15460424902594866,46,3423.0,False,,
630.0,50,3439.0,53.734375,2.783055743103194,50,3644.0,0.12327978915802386,50,3644.0,False,,
635.0,52,3691.0,59.53225806451613,1.5543289823851931,52,3896.0,0.04717825070160667,52,3896.0,False,,
640.0,55,3961.0,68.29310344827586,0.5071683007944554,55,4166.0,0.00021859745188436097,55,4166.0,False,,
645.0,56,4241.0,74.40350877192982,0.23947745414958643,56,4446.0,0.0,56,4446.0,False,,
650.0,56,4521.0,68.5,1.6836009036215567,56,4726.0,0.12515274592263426,56,4726.0,False,,
655.0,60,4811.0,70.75,0.9725334577761849,60,5016.0,0.07341275492531801,60,5016.0,False,,
660.0,62,4811.0,70.75,0.4561581214151638,62,4936.0,0.032098416564295996,62,4936.0,False,,
665.0,56,3582.0,52.6764705882353,0.9730795119152861,56,4870.0,0.026995462338771502,56,4870.0,False,,
670.0,48,2813.0,41.36764705882353,2.5212895920688747,48,4136.0,0.054953567020166454,48,4136.0,False,,
675.0,42,2068.0,27.573333333333334,3.817613708223173,42,4090.0,0.17810724140129205,42,4090.0,False,,
680.0,28,737.0,10.681159420289855,3.184470967412809,28,3768.0,0.15172748251589593,28,3768.0,False,,
685.0,28,354.0,5.205882352941177,3.1995710445891183,28,3507.0,0.11359369660011137,28,3507.0,False,,
690.0,30,316.0,4.787878787878788,2.4603828987938443,30,3555.0,0.09773341257698559,30,3555.0,False,,
695.0,40,420.0,6.774193548387097,1.7679572919288886,40,3674.0,0.055372590308599104,40,3674.0,False,,
700.0,52,658.0,9.13888888888889,2.575685020601275,52,3897.0,0.11901735359043109,52,3897.0,False,,
705.0,58,878.0,12.366197183098592,1.5513635481157022,58,3819.0,0.0524574849521563,58,3819.0,False,,
710.0,52,867.0,13.136363636363637,1.0692224601350597,52,3734.0,0.03624269124590322,52,3734.0,False,,
715.0,46,903.0,13.681818181818182,2.656207655528578,46,3079.0,0.05410959924110893,46,3079.0,False,,
720.0,36,749.0,11.88888888888889,2.3799560145632372,36,3169.0,0.07573323791796457,36,3169.0,False,,
725.0,32,680.0,9.855072463768115,3.6192975504221603,32,3232.0,0.19336065105164435,32,3232.0,False,,
730.0,41,863.0,12.691176470588236,2.507658132857109,41,3415.0,0.11483256578964306,41,3415.0,False,,
735.0,48,1051.0,15.686567164179104,1.3579467601502586,48,3603.0,0.016668925219479967,48,3603.0,False,,
740.0,53,1302.0,21.0,0.8756580693611079,53,3854.0,0.0012294033508296392,53,3854.0,False,,
745.0,57,1581.0,22.91304347826087,2.2797274180828566,57,4133.0,0.120070041009209,57,4133.0,False,,
750.0,55,1802.0,25.02777777777778,1.3684860904653293,55,4086.0,0.06599610561533237,55,4086.0,False,,
755.0,53,1801.0,26.10144927536232,1.4834089709176366,53,4076.0,0.06924184631436643,53,4076.0,False,,
760.0,49,1844.0,26.72463768115942,2.622162752571159,49,3563.0,0.06462073891218828,49,3563.0,False,,
765.0,41,1859.0,27.746268656716417,2.560244671700206,41,3768.0,0.07811142695446441,41,3768.0,False,,
770.0,41,1950.0,27.464788732394368,2.898829957600447,41,3967.0,0.17485303949927242,41,3967.0,False,,
775.0,49,2173.0,30.6056338028169,1.6498123807698664,49,4190.0,0.09403082905871481,49,4190.0,False,,
780.0,55,2262.0,32.78260869565217,0.38010137973214747,55,4104.0,0.024334077654994075,55,4104.0,False,,
785.0,57,1655.0,23.985507246376812,0.9474440715013411,57,4067.0,0.029563305939554013,57,4067.0,False,,
790.0,49,1224.0,17.73913043478261,2.462006670478298,49,3464.0,0.05423478156388217,49,3464.0,False,,
795.0,41,891.0,11.423076923076923,4.408442259025924,41,3032.0,0.1763420091231056,41,3032.0,False,,
800.0,39,945.0,12.77027027027027,4.575200445817518,39,2864.0,0.19454024195965805,39,2864.0,False,,
805.0,38,1057.0,15.776119402985074,3.4881894189785867,38,2610.0,0.15422172327907074,38,2610.0,False,,
810.0,38,870.0,13.80952380952381,2.5610682946927734,38,2525.0,0.09783822032598631,38,2525.0,False,,
815.0,35,760.0,12.88135593220339,2.6044576822322383,35,2239.0,0.07746691898466641,35,2239.0,False,,
820.0,27,576.0,8.347826086956522,3.816238853722935,27,2069.0,0.19573302589420433,27,2069.0,False,,
825.0,24,541.0,8.323076923076924,3.496476453447201,24,2040.0,0.17945335106937266,24,2040.0,False,,
830.0,27,614.0,10.065573770491802,3.2570944315239236,27,1872.0,0.1104597569909092,27,1872.0,False,,
835.0,33,773.0,13.101694915254237,3.6342181073641737,33,1934.0,0.08364611643787298,33,1934.0,False,,
840.0,38,923.0,17.75,1.5546759037454123,38,1916.0,0.004202415962837073,38,1916.0,False,,
845.0,34,931.0,15.262295081967213,3.657836311764052,34,1700.0,0.18591027154693338,34,1700.0,False,,
850.0,30,968.0,16.689655172413794,4.083411091173457,30,1551.0,0.16701587311816277,30,1551.0,False,,
855.0,26,971.0,17.339285714285715,2.9859665068489454,26,1649.0,0.08866987280746084,26,1649.0,False,,
860.0,29,1059.0,21.18,2.66993712158304,29,1758.0,0.10420434948144307,29,1758.0,False,,
865.0,33,1214.0,21.678571428571427,4.273688588143348,33,1887.0,0.17519693996609337,33,1887.0,False,,
870.0,39,1395.0,23.25,4.243410060098951,39,2070.0,0.19137952316253137,39,2070.0,False,,
875.0,46,1603.0,30.245283018867923,1.5702441203898712,46,2278.0,0.041611936797653064,46,2278.0,False,,
880.0,47,1837.0,36.01960784313726,1.0981828824164095,47,2512.0,3.752756050113055e-07,47,2512.0,False,,
885.0,47,2072.0,41.44,0.824221616931843,47,2747.0,0.0,47,2747.0,False,,
890.0,47,2307.0,39.101694915254235,2.5306814057307294,47,2982.0,0.18478943908878168,47,2982.0,False,,
895.0,47,2542.0,43.08474576271186,1.5946467019691262,47,3217.0,0.11635366131940637,47,3217.0,False,,
900.0,55,2799.0,47.440677966101696,0.781019915093434,55,3474.0,0.061644449119825875,55,3474.0,False,,
905.0,55,3074.0,52.101694915254235,0.8383239136118246,55,3749.0,0.0,55,3749.0,False,,
910.0,55,3349.0,56.76271186440678,0.8388798583446254,55,4024.0,0.0,55,4024.0,False,,
915.0,55,3624.0,53.294117647058826,2.1424320140503306,55,4299.0,0.14871086883374934,55,4299.0,False,,
920.0,55,3554.0,53.04477611940298,1.0964899127312056,55,4229.0,0.08290039164220739,55,4229.0,False,,
925.0,51,2768.0,41.3134328358209,1.4979595146356326,51,4198.0,0.07469118722732149,51,4198.0,False,,
930.0,50,2891.0,43.149253731343286,2.3186328876127624,50,3812.0,0.04347920201245384,50,3812.0,False,,
935.0,49,3125.0,48.07692307692308,1.7972806493141433,49,4046.0,0.0168465327321213,49,4046.0,False,,
940.0,53,3366.0,46.10958904109589,2.681239321254772,53,4287.0,0.12016011134361664,53,4287.0,False,,
945.0,57,3643.0,52.79710144927536,1.589971827534724,57,4564.0,0.07464776394263012,57,4564.0,False,,
950.0,59,3748.0,55.11764705882353,0.7248900078433878,59,4537.0,0.020770866067919364,59,4537.0,False,,
955.0,53,3084.0,47.44615384615385,0.9077201697329587,53,4497.0,0.02513261632127179,53,4497.0,False,,
960.0,45,2599.0,39.98461538461538,2.3977233987491777,45,3902.0,0.041921036448933656,45,3902.0,False,,
965.0,35,2066.0,28.301369863013697,3.6658361553165855,35,4073.0,0.17663006142189172,35,4073.0,False,,
970.0,35,2006.0,29.5,2.8601737108449967,35,4215.0,0.13660619967512969,35,4215.0,False,,
975.0,41,2197.0,32.791044776119406,2.430573643892671,41,4406.0,0.079276523788563,41,4406.0,False,,
980.0,49,2428.0,37.9375,1.2803932778265885,49,4637.0,0.0255637991590859,49,4637.0,False,,
985.0,57,2695.0,39.63235294117647,1.8311824055064225,57,4904.0,0.11622894430041208,57,4904.0,False,,
990.0,59,2942.0,41.436619718309856,1.4781622688233824,59,4897.0,0.0987679792404125,59,4897.0,False,,
995.0,53,2997.0,42.2112676056338,1.4896314198128504,53,4666.0,0.05120133648281866,53,4666.0,False,,
1000.0,49,3054.0,43.014084507042256,2.6314780866440284,49,4444.0,0.06203224840550516,49,4444.0,False,,
1005.0,41,3116.0,45.8235294117647,2.359173652365069,41,4658.0,0.07241995987758239,41,4658.0,False,,
1010.0,41,3237.0,44.342465753424655,3.2131331549773714,41,4843.0,0.18465876162689465,41,4843.0,False,,
1015.0,47,3460.0,47.397260273972606,2.445750971708585,47,5066.0,0.12987440056913532,47,5066.0,False,,
1020.0,59,3726.0,54.0,0.8119294558832959,59,5332.0,0.03373898646866606,59,5332.0,False,,
1025.0,65,3991.0,57.84057971014493,0.4871139222252765,65,5379.0,0.00039903722697431666,65,5379.0,False,,
1030.0,55,4098.0,61.16417910447761,1.0137084549066557,55,5208.0,0.017753534362383826,55,5208.0,False,,
1035.0,45,4191.0,53.050632911392405,3.781847459893912,45,5079.0,0.18271619056119395,45,5079.0,False,,
1040.0,42,4287.0,56.4078947368421,2.568577902895476,42,5259.0,0.12106594305714517,42,5259.0,False,,
1045.0,49,4516.0,62.72222222222222,2.2138560102993057,49,5489.0,0.1055951673087241,49,5489.0,False,,
1050.0,55,4777.0,69.23188405797102,1.17643586249879,55,5750.0,0.015333301694502257,55,5750.0,False,,
1055.0,61,5044.0,74.17647058823529,0.9146202565550459,61,5855.0,0.00029640643860256115,61,5855.0,False,,
1060.0,51,5187.0,68.25,2.749653346393226,51,5980.0,0.161681526603648,51,5980.0,False,,
1065.0,47,5336.0,71.14666666666666,2.7771049776963297,47,5871.0,0.09846848183165659,47,5871.0,False,,
1070.0,43,5259.0,72.04109589041096,2.4794272408613893,43,5701.0,0.09208210624814377,43,5701.0,False,,
1075.0,43,4276.0,62.88235294117647,1.8356841259551375,43,5567.0,0.052562190761445894,43,5567.0,False,,
1080.0,42,4196.0,64.55384615384615,2.622807910502725,42,4982.0,0.05257215557163523,42,4982.0,False,,
1085.0,46,4390.0,58.53333333333333,3.8109779894462235,46,5092.0,0.1833727554338835,46,5092.0,False,,
1090.0,43,4495.0,65.14492753623189,2.1252290511600878,43,5207.0,0.08403327578490656,43,5207.0,False,,
1095.0,47,4679.0,69.83582089552239,2.572589554725235,47,5239.0,0.056255493395836555,47,5239.0,False,,
1100.0,47,4914.0,78.0,3.0379533668452647,47,5405.0,0.08365639544677313,47,5405.0,False,,
1105.0,47,5149.0,76.85074626865672,3.972956764685694,47,5616.0,0.14368418296959792,47,5616.0,False,,
1110.0,47,5384.0,80.35820895522389,3.480435316795898,47,5851.0,0.15520782819111595,47,5851.0,False,,
1115.0,51,5631.0,92.31147540983606,1.504832531958038,51,6098.0,0.05943659157714641,51,6098.0,False,,
1120.0,55,5898.0,99.96610169491525,0.9586023601245119,55,6365.0,4.64049533160961e-05,55,6365.0,False,,
1125.0,55,6173.0,106.43103448275862,0.7071964666446073,55,6640.0,0.0,55,6640.0,False,,
1130.0,55,6448.0,96.23880597014926,2.111174044135259,55,6915.0,0.15135015469067417,55,6915.0,False,,
1135.0,57,6726.0,100.38805970149254,1.768517068066775,57,7193.0,0.12929947346314852,57,7193.0,False,,
1140.0,60,7016.0,104.71641791044776,0.8373310096527631,60,7483.0,0.032400012391369436,60,7483.0,False,,
1145.0,63,7328.0,109.3731343283582,0.7888124166478392,63,7795.0,1.6393947441152512e-06,63,7795.0,False,,
1150.0,63,7643.0,115.8030303030303,0.6009189092273154,63,8110.0,0.0,63,8110.0,False,,
1155.0,63,7958.0,106.10666666666667,1.6897905300480451,63,8425.0,0.1250599095572253,63,8425.0,False,,
1160.0,65,8280.0,110.4,1.0270148459283408,65,8747.0,0.07904706652870279,65,8747.0,False,,
1165.0,70,8621.0,114.94666666666667,0.6460364814575055,70,9088.0,0.026289317894064374,70,9088.0,False,,
1170.0,71,8976.0,119.68,0.6389929142319142,71,9443.0,1.1418459464907906e-06,71,9443.0,False,,
1175.0,71,9331.0,124.41333333333333,0.6405231969266475,71,9798.0,0.0,71,9798.0,False,,
1180.0,71,9686.0,116.6987951807229,1.4876916251464696,71,10153.0,0.10800988270884204,71,10153.0,False,,
1185.0,76,10054.0,121.13253012048193,0.6203561722171612,76,10521.0,0.04492551134997893,76,10521.0,False,,
1190.0,79,10446.0,125.855421686747,0.6402422309973721,79,10913.0,4.266869030598374e-06,79,10913.0,False,,
1195.0,79,10841.0,130.6144578313253,0.6399137965585184,79,11308.0,0.0,79,11308.0,False,,
1200.0,79,11236.0,137.02439024390245,0.47638169459571383,79,11703.0,0.0,79,11703.0,False,,
1205.0,81,11633.0,127.83516483516483,1.2502266112010323,81,12100.0,0.09205650149168694,81,12100.0,False,,
1210.0,86,12047.0,132.3846153846154,0.6236588765587935,86,12514.0,0.03238838311753531,86,12514.0,False,,
1215.0,87,12482.0,137.16483516483515,0.6053602428115219,87,12949.0,1.9973321366906885e-07,87,12949.0,False,,
1220.0,87,12917.0,143.5222222222222,0.44145331426972817,87,13384.0,0.0,87,13384.0,False,,
1225.0,87,13352.0,140.54736842105262,1.1235694273924655,87,13819.0,0.06400780691323266,87,13819.0,False,,
1230.0,87,13787.0,142.1340206185567,0.5590134470308868,87,14254.0,0.04218146593025386,87,14254.0,False,,
1235.0,93,14244.0,146.84536082474227,0.4677347652376712,93,14711.0,0.0360364160472358,93,14711.0,False,,
1240.0,93,14709.0,151.63917525773195,0.506673650580664,93,15176.0,8.159470307840153e-08,93,15176.0,False,,
1245.0,93,15174.0,156.43298969072166,0.49906629314137285,93,15641.0,9.010051814906673e-08,93,15641.0,False,,
1250.0,93,15639.0,148.94285714285715,1.098946537588011,93,16106.0,0.06804581498864219,93,16106.0,False,,
1255.0,96,16110.0,156.40776699029126,0.4463038280606659,96,16577.0,0.03466074170926116,96,16577.0,False,,
1260.0,99,16602.0,161.18446601941747,0.44265493565812924,99,17069.0,0.03451471206306,99,17069.0,False,,
1265.0,99,17097.0,165.9902912621359,0.45244196084425403,99,17564.0,0.0,99,17564.0,False,,
1270.0,99,17592.0,170.79611650485438,0.48096183024386796,99,18059.0,0.0,99,18059.0,False,,
1275.0,97,17705.0,163.9351851851852,0.6716034019949438,97,17992.0,0.04344267869985347,97,17992.0,False,,
1280.0,90,16321.0,152.53271028037383,0.9968762340635386,90,17945.0,0.04913102436816623,90,17945.0,False,,
1285.0,83,15788.0,147.55140186915887,1.6387701819737095,83,17103.0,0.04422913417523933,83,17103.0,False,,
1290.0,77,15917.0,151.59047619047618,1.5839373735540272,77,17493.0,0.046772401975175466,77,17493.0,False,,
1295.0,82,16315.0,161.53465346534654,1.196462390026825,82,17891.0,0.02433161182191478,82,17891.0,False,,
1300.0,89,16743.0,162.55339805825244,1.2754314097379906,89,18320.0,0.05640843362424454,89,18320.0,False,,
1305.0,93,17202.0,170.31683168316832,0.7835494511251755,93,18779.0,0.03868663165175998,93,18779.0,False,,
1310.0,95,17676.0,178.54545454545453,0.5838058451018859,95,19253.0,7.729257502694843e-07,95,19253.0,False,,
1315.0,93,17085.0,172.57575757575756,0.6118355609809509,93,18662.0,2.6726150077574413e-07,93,18662.0,False,,
1320.0,83,12870.0,135.47368421052633,0.7036897908799882,83,18077.0,0.019247789137491766,83,18077.0,False,,
1325.0,74,10036.0,99.36633663366337,2.38341756839172,74,15674.0,0.09010175646933337,74,15674.0,False,,
1330.0,68,8054.0,81.35353535353535,2.1679235525987566,68,16022.0,0.0856593457179721,68,16022.0,False,,
1335.0,65,7080.0,74.52631578947368,1.6465720744520707,65,16355.0,0.047153725607464426,65,16355.0,False,,
1340.0,73,7427.0,79.86021505376344,1.0603532734860537,73,16702.0,0.040679611062286326,73,16702.0,False,,
1345.0,80,7807.0,79.66326530612245,1.0358116280665595,80,17083.0,0.06392467671443221,80,17083.0,False,,
1350.0,84,8220.0,81.38613861386139,0.6637302340484793,84,17497.0,0.04752618436979311,84,17497.0,False,,
1355.0,95,8669.0,84.16504854368932,0.5299903352214178,95,17947.0,0.028768458661894387,95,17947.0,False,,
1360.0,99,9157.0,88.90291262135922,0.5194989396580179,99,18436.0,0.00011908575491693923,99,18436.0,False,,
1365.0,99,9652.0,94.62745098039215,0.35957150699592516,99,18931.0,1.427180654066165e-06,99,18931.0,False,,
1370.0,99,10147.0,94.83177570093459,0.915761339667255,99,19426.0,0.04978127025149991,99,19426.0,False,,
1375.0,99,10642.0,101.35238095238095,0.528295313687624,99,19921.0,0.036786165659017274,99,19921.0,False,,
1380.0,101,11146.0,106.15238095238095,0.5035597914772055,101,20425.0,0.017559856723886803,101,20425.0,False,,
1385.0,101,11651.0,110.96190476190476,0.5170677035693445,101,20930.0,0.0,101,20930.0,False,,
1390.0,101,12156.0,116.88461538461539,0.3905488543924704,101,21435.0,0.0,101,21435.0,False,,
1395.0,101,12661.0,118.32710280373831,0.6699007299330973,101,21940.0,0.0475229009172432,101,21940.0,False,,
1400.0,102,13167.0,123.05607476635514,0.5012717058613647,102,22446.0,0.036223651455868346,102,22446.0,False,,
1405.0,103,13682.0,127.86915887850468,0.4945519935291156,103,22961.0,0.008939685056421927,103,22961.0,False,,
1410.0,103,14197.0,132.6822429906542,0.48758681480674787,103,23476.0,0.0,103,23476.0,False,,
1415.0,103,14712.0,140.11428571428573,0.23911882805475204,103,23991.0,0.0,103,23991.0,False,,
1420.0,103,15227.0,139.69724770642202,0.6259194531911042,103,24506.0,0.044066221439838064,103,24506.0,False,,
1425.0,105,15748.0,144.47706422018348,0.517789414563593,105,25027.0,0.035910983919209036,105,25027.0,False,,
1430.0,105,16273.0,149.29357798165137,0.49987578906336005,105,25552.0,0.0,105,25552.0,False,,
1435.0,105,16798.0,154.11009174311926,0.513428834010284,105,26077.0,0.0,105,26077.0,False,,
1440.0,105,17323.0,161.89719626168224,0.23732588149319395,105,26602.0,0.0,105,26602.0,False,,
1445.0,105,17848.0,160.7927927927928,0.44150718232898467,105,27127.0,0.03330209560305941,105,27127.0,False,,
1450.0,107,18381.0,165.59459459459458,0.43601090574987666,107,27660.0,0.032631559706594995,107,27660.0,False,,
1455.0,107,18916.0,170.4144144144144,0.46115570536838624,107,28195.0,0.0,107,28195.0,False,,
1460.0,107,19451.0,175.23423423423424,0.4542465118619135,107,28730.0,0.0,107,28730.0,False,,
1465.0,105,19198.0,169.89380530973452,0.6976042351596402,105,28477.0,0.034003469244011604,105,28477.0,False,,
1470.0,96,16009.0,141.67256637168143,1.1013499146366958,96,27814.0,0.047946306305281745,96,27814.0,False,,
1475.0,88,13616.0,120.49557522123894,1.8236271569644709,88,26446.0,0.05568296127476135,88,26446.0,False,,
1480.0,83,11839.0,105.70535714285714,1.630170886279372,83,26865.0,0.04518560007149767,83,26865.0,False,,
1485.0,78,10156.0,96.72380952380952,1.2278744113674247,78,27262.0,0.04526539114129302,78,27262.0,False,,
1490.0,85,10565.0,95.18018018018019,1.4684157274683842,85,27671.0,0.07266699551898848,85,27671.0,False,,
1495.0,93,10986.0,98.08928571428571,0.8717279620435336,93,27391.0,0.05522696059600773,93,27391.0,False,,
1500.0,89,11313.0,100.11504424778761,0.9977464778469874,89,26812.0,0.042453988939805405,89,26812.0,False,,
1505.0,91,11671.0,101.48695652173913,1.489716799700207,91,25627.0,0.03241126401099332,91,25627.0,False,,
1510.0,85,11995.0,106.15044247787611,1.4492943631075221,85,26052.0,0.04223064296775974,85,26052.0,False,,
1515.0,82,12332.0,108.17543859649123,1.6261981920805615,82,26445.0,0.07150465177543647,82,26445.0,False,,
1520.0,88,12763.0,112.94690265486726,1.321257729802897,88,26877.0,0.06369981729295959,88,26877.0,False,,
1525.0,94,13193.0,115.7280701754386,0.5562845631910924,94,26703.0,0.032358875926000404,94,26703.0,False,,
1530.0,92,13521.0,117.57391304347826,0.5913862907211742,92,26535.0,0.020875003302511606,92,26535.0,False,,
1535.0,93,13901.0,118.8119658119658,1.361631821826543,93,25278.0,0.027135790795279394,93,25278.0,False,,
1540.0,88,14241.0,118.675,1.7193065740285758,88,25706.0,0.07122180873721637,88,25706.0,False,,
1545.0,84,14589.0,126.86086956521739,1.6411754123082465,84,26111.0,0.07675631785938158,84,26111.0,False,,
1550.0,89,15023.0,131.78070175438597,1.3933374216615644,89,26546.0,0.03915418098088565,89,26546.0,False,,
1555.0,94,15457.0,134.40869565217392,0.8515539277609848,94,26437.0,0.020685601226498436,94,26437.0,False,,
1560.0,90,15785.0,138.46491228070175,0.850675140637282,90,26368.0,0.022149530875699774,90,26368.0,False,,
1565.0,91,16154.0,136.89830508474577,1.8641370957188008,91,25746.0,0.06257548201797734,91,25746.0,False,,
1570.0,86,16512.0,142.3448275862069,1.927485247694215,86,26188.0,0.07744090081285408,86,26188.0,False,,
1575.0,83,16864.0,153.3090909090909,1.2705797378336696,83,26614.0,0.042360955176417726,83,26614.0,False,,
1580.0,91,17303.0,157.3,0.9728790347715863,91,27053.0,0.03561609862518844,91,27053.0,False,,
1585.0,94,17256.0,154.07142857142858,0.5723445527043914,94,26167.0,0.03844135639237474,94,26167.0,False,,
1590.0,92,15197.0,131.00862068965517,1.089583794394306,92,25327.0,0.054618902811758754,92,25327.0,False,,
1595.0,89,13394.0,113.50847457627118,1.753062335357106,89,22142.0,0.0548933480240612,89,22142.0,False,,
1600.0,86,11596.0,99.96551724137932,2.05367224257804,86,20388.0,0.05702011823471227,86,20388.0,False,,
1605.0,79,9969.0,90.62727272727273,1.5974980451836445,79,20161.0,0.06225259203439968,79,20161.0,False,,
1610.0,76,10026.0,88.72566371681415,2.1527126303055457,76,20364.0,0.10571333051630169,76,20364.0,False,,
1615.0,72,10090.0,89.29203539823008,2.48751919880156,72,20452.0,0.1102742524554597,72,20452.0,False,,
1620.0,70,10164.0,86.87179487179488,2.0392368146169986,70,19722.0,0.08178063510957183,70,19722.0,False,,
1625.0,67,10196.0,91.03571428571429,1.616238585455365,67,18135.0,0.06182721053199248,67,18135.0,False,,
1630.0,73,10464.0,92.60176991150442,2.016764939460366,73,16749.0,0.0777323049988059,73,16749.0,False,,
1635.0,74,10738.0,90.23529411764706,2.549409678558099,74,15155.0,0.1064882448066516,74,15155.0,False,,
1640.0,71,10966.0,92.9322033898305,2.345241862316888,71,15440.0,0.10748228465140927,71,15440.0,False,,
1645.0,77,11176.0,96.34482758620689,1.627722709802542,77,15727.0,0.06925635903249515,77,15727.0,False,,
1650.0,88,11596.0,99.11111111111111,1.7438666921730512,88,16071.0,0.051344116162057876,88,16071.0,False,,
1655.0,95,11990.0,101.61016949152543,1.2267340729486589,95,16366.0,0.022911362446923555,95,16366.0,False,,
1660.0,91,12129.0,101.92436974789916,1.323067658848657,91,16584.0,0.05194871786592574,91,16584.0,False,,
1665.0,88,12274.0,104.90598290598291,1.8857722899357534,88,16662.0,0.06473386885395124,88,16662.0,False,,
1670.0,84,12421.0,107.07758620689656,1.5018450660812797,84,16521.0,0.040759486445019665,84,16521.0,False,,
1675.0,74,12335.0,113.1651376146789,1.41957152783096,74,16059.0,0.057138071958948995,74,16059.0,False,,
1680.0,72,12477.0,114.46788990825688,1.8984686787101437,72,15736.0,0.06418799823042427,72,15736.0,False,,
1685.0,71,12651.0,108.12820512820512,2.558725672216612,71,15951.0,0.11301894964796219,71,15951.0,False,,
1690.0,72,12870.0,110.94827586206897,2.7035537537450525,72,16114.0,0.10715114345594715,72,16114.0,False,,
1695.0,81,13254.0,118.33928571428571,2.3855864046132864,81,16392.0,0.09068820125659857,81,16392.0,False,,
1700.0,86,13682.0,126.68518518518519,2.0931756491225677,86,16713.0,0.06462748214867321,86,16713.0,False,,
1705.0,86,14112.0,130.66666666666666,2.261161729938993,86,17035.0,0.05815529024405853,86,17035.0,False,,
1710.0,86,14542.0,138.4952380952381,1.9991836169543844,86,17437.0,0.060233906063045836,86,17437.0,False,,
1715.0,86,14972.0,151.23232323232324,1.1671976802482724,86,17867.0,0.015974011571435836,86,17867.0,False,,
1720.0,90,15418.0,164.0212765957447,0.5228233550729086,90,18313.0,9.634884038458284e-06,90,18313.0,False,,
1725.0,90,15868.0,172.47826086956522,0.29437882790898295,90,18763.0,8.643502548131241e-08,90,18763.0,False,,
1730.0,90,16318.0,169.97916666666666,0.7834963934066764,90,19213.0,0.05272713808903993,90,19213.0,False,,
1735.0,90,16768.0,174.66666666666666,0.670647423290602,90,19663.0,0.04689877992458622,90,19663.0,False,,
1740.0,92,17223.0,179.40625,0.32853328834925105,92,20118.0,0.001233286409219212,92,20118.0,False,,
1745.0,94,17691.0,184.28125,0.30924919046309807,94,20586.0,3.134395911316835e-07,94,20586.0,False,,
1750.0,94,18161.0,193.20212765957447,0.0,94,21056.0,0.0,94,21056.0,False,,
1755.0,94,18631.0,186.31,0.7117110039475416,94,21526.0,0.05056569817751463,94,21526.0,False,,
1760.0,94,19101.0,191.01,0.4147450641252927,94,21996.0,0.028903186135635885,94,21996.0,False,,
1765.0,98,19582.0,195.82,0.2751783950627456,98,22477.0,2.0856310899229543e-05,98,22477.0,False,,
1770.0,98,20072.0,200.72,0.29063927006197554,98,22967.0,6.911108590342191e-08,98,22967.0,False,,
1775.0,96,20319.0,205.24242424242425,0.17585308749817538,96,23214.0,0.0,96,23214.0,False,,
1780.0,86,19887.0,191.22115384615384,1.3677283628814185,86,23246.0,0.06880392294647317,86,23246.0,False,,
1785.0,79,19931.0,191.64423076923077,1.9744047520279684,79,23315.0,0.060507020540668165,79,23315.0,False,,
1790.0,75,20045.0,196.51960784313727,1.9092969153645112,75,23254.0,0.059833034046028875,75,23254.0,False,,
1795.0,73,19235.0,202.47368421052633,1.0751333980044602,73,23250.0,0.031736559445308066,73,23250.0,False,,
1800.0,70,18666.0,200.70967741935485,1.6875984728513733,70,22527.0,0.029438329993221667,70,22527.0,False,,
1805.0,64,18061.0,188.13541666666666,2.37026985111021,64,22839.0,0.11133903605370474,64,22839.0,False,,
1810.0,63,17462.0,189.80434782608697,1.6150835823908911,63,23151.0,0.07598783683199196,63,23151.0,False,,
1815.0,70,17567.0,193.04395604395606,1.0578377559503955,70,23484.0,0.03661912929701081,70,23484.0,False,,
1820.0,79,17943.0,192.93548387096774,0.6534836611875667,79,23860.0,0.02005760607659441,79,23860.0,False,,
1825.0,84,18352.0,187.26530612244898,0.7878387033680122,84,24270.0,0.04783324903835965,84,24270.0,False,,
1830.0,91,18791.0,186.04950495049505,0.6770926300100496,91,24710.0,0.046353598987797326,91,24710.0,False,,
1835.0,99,19269.0,190.78217821782178,0.2790307186174827,99,25190.0,0.009352170315122105,99,25190.0,False,,
1840.0,99,19764.0,195.68316831683168,0.2814367600329534,99,25685.0,2.082066617158952e-06,99,25685.0,False,,
1845.0,99,20259.0,202.59,0.11622717519597639,99,26180.0,6.904298751413235e-08,99,26180.0,False,,
1850.0,99,20754.0,195.79245283018867,0.7666050791740068,99,26675.0,0.05104823988613838,99,26675.0,False,,
1855.0,99,21249.0,202.37142857142857,0.33346845095340394,99,27170.0,0.025492750748963438,99,27170.0,False,,
1860.0,103,21759.0,207.22857142857143,0.24040808168605984,103,27680.0,0.009541503978538481,103,27680.0,False,,
1865.0,103,22274.0,212.13333333333333,0.23836803554924255,103,28195.0,8.25506276089321e-08,103,28195.0,False,,
1870.0,103,22789.0,217.03809523809525,0.24740601882297264,103,28710.0,0.0,103,28710.0,False,,
1875.0,103,23304.0,213.7981651376147,0.6349912158785114,103,29225.0,0.04395589897085508,103,29225.0,False,,
1880.0,105,23822.0,218.55045871559633,0.2665736553086106,105,29743.0,0.017727778440073335,105,29743.0,False,,
1885.0,107,24356.0,223.44954128440367,0.2657654293840016,107,30277.0,9.80996883232527e-08,107,30277.0,False,,
1890.0,107,24891.0,228.3577981651376,0.2730345155059512,107,30812.0,0.0,107,30812.0,False,,
1895.0,107,25426.0,235.42592592592592,0.11680058109880563,107,31347.0,0.0,107,31347.0,False,,
1900.0,107,25961.0,229.7433628318584,0.3212038808314777,107,31882.0,0.023298966133081588,107,31882.0,False,,
1905.0,109,26305.0,232.78761061946904,0.27200615188185634,109,31882.0,0.017419007450873752,109,31882.0,False,,
1910.0,100,25848.0,228.7433628318584,0.5819713559284031,100,31859.0,0.016156654674549596,100,31859.0,False,,
1915.0,92,25466.0,225.36283185840708,1.4867820037940431,92,30813.0,0.02882679404458596,92,30813.0,False,,
1920.0,84,24891.0,226.28181818181818,1.38796148672797,84,30868.0,0.0415367856449955,84,30868.0,False,,
1925.0,73,23172.0,206.89285714285714,1.7958103716280291,73,30887.0,0.07561415383047879,73,30887.0,False,,
1930.0,71,22490.0,204.45454545454547,2.1443825527866984,71,30292.0,0.07519433250853359,71,30292.0,False,,
1935.0,71,22153.0,199.57657657657657,1.6340415749093373,71,30139.0,0.06276247486489603,71,30139.0,False,,
1940.0,65,22121.0,202.94495412844037,1.4467081043864822,65,29969.0,0.06329196810974266,65,29969.0,False,,
1945.0,70,22373.0,199.75892857142858,2.1412827218500037,70,29092.0,0.08906050315722959,70,29092.0,False,,
1950.0,71,22573.0,201.54464285714286,1.7984032436973314,71,29152.0,0.07232737302011616,71,29152.0,False,,
1955.0,71,22831.0,211.39814814814815,1.4647060039989521,71,29473.0,0.06158217891587377,71,29473.0,False,,
1960.0,84,23224.0,217.0467289719626,1.1873310888599657,84,29866.0,0.0359529438739704,84,29866.0,False,,
1965.0,87,23626.0,216.75229357798165,0.8130416299350536,87,29824.0,0.023469658964161987,87,29824.0,False,,
1970.0,85,23929.0,211.76106194690266,1.1630069408519628,85,29784.0,0.05323998323544678,85,29784.0,False,,
1975.0,88,24282.0,211.1478260869565,1.7415478822375494,88,29059.0,0.0481693144493647,88,29059.0,False,,
1980.0,84,24635.0,219.95535714285714,2.3475658975368807,84,28929.0,0.07053898261570607,84,28929.0,False,,
1985.0,78,24977.0,235.6320754716981,2.4590298573150196,78,28961.0,0.08477637281438134,78,28961.0,False,,
1990.0,76,23957.0,232.59223300970874,2.183651946058535,76,27562.0,0.09566489676415388,76,27562.0,False,,
1995.0,70,17350.0,162.14953271028037,2.2639914512852797,70,25376.0,0.10170855699989452,70,25376.0,False,,
2000.0,67,10850.0,102.35849056603773,2.539056874787928,67,21723.0,0.10049496426228771,67,21723.0,False,,
2005.0,65,6330.0,59.1588785046729,1.8429130204544415,65,21995.0,0.07175632396444598,65,21995.0,False,,
2010.0,60,2420.0,22.830188679245282,1.657492442659594,60,22250.0,0.07867165925572739,60,22250.0,False,,
2015.0,65,2655.0,24.357798165137616,1.9869534460700335,65,22438.0,0.0714296497149762,65,22438.0,False,,
2020.0,69,2941.0,25.79824561403509,2.4684675044229434,69,22711.0,0.09217598570753459,69,22711.0,False,,
2025.0,69,3247.0,29.25225225225225,2.654063466198085,69,22992.0,0.10074210969366891,69,22992.0,False,,
2030.0,77,3607.0,32.79090909090909,2.7354911245086972,77,23315.0,0.10152268966470968,77,23315.0,False,,
2035.0,81,3906.0,36.166666666666664,2.082510363856925,81,23605.0,0.08719112769838759,81,23605.0,False,,
2040.0,83,4237.0,39.598130841121495,1.744933752076395,83,23951.0,0.06901993050984437,83,23951.0,False,,
2045.0,89,4671.0,42.46363636363636,1.5874199240116185,89,24370.0,0.07033133994476624,89,24370.0,False,,
2050.0,92,5102.0,45.96396396396396,1.195135321751725,92,24791.0,0.04883149761016907,92,24791.0,False,,
2055.0,90,5427.0,51.198113207547166,0.6964927682900951,90,25183.0,0.019527986602169287,90,25183.0,False,,
2060.0,84,5773.0,54.4622641509434,1.6915803373317106,84,25533.0,0.036674342311303204,84,25533.0,False,,
2065.0,78,6135.0,57.87735849056604,2.6627486100683786,78,25859.0,0.09663041612669855,78,25859.0,False,,
2070.0,78,6525.0,62.142857142857146,2.9634573163644804,78,26203.0,0.0934415839431768,78,26203.0,False,,
2075.0,78,6915.0,69.15,2.7271898167910207,78,26569.0,0.08108987100124947,78,26569.0,False,,
2080.0,80,7310.0,79.45652173913044,1.8136291989992157,80,26953.0,8.282754950017039e-07,80,26953.0,False,,
2085.0,78,7406.0,85.1264367816092,1.1462882068863436,78,26776.0,0.0,78,26776.0,False,,
2090.0,68,6282.0,72.20689655172414,1.733389149692511,68,26321.0,0.08243044223511327,68,26321.0,False,,
2095.0,59,5281.0,61.406976744186046,2.7043798434482014,59,25315.0,0.10794008834076547,59,25315.0,False,,
2100.0,54,4545.0,54.107142857142854,2.409428418842805,54,25589.0,0.08679973310883189,54,25589.0,False,,
2105.0,51,3462.0,44.38461538461539,1.7776108598227442,51,25851.0,0.058441394582647015,51,25851.0,False,,
2110.0,58,3736.0,47.8974358974359,1.285580949567841,58,26125.0,0.048828763304520385,58,26125.0,False,,
2115.0,62,3920.0,46.11764705882353,1.395919676032467,62,26309.0,0.09037129594277994,62,26309.0,False,,
2120.0,65,4125.0,47.96511627906977,1.621962594821007,65,26544.0,0.08768390902694677,65,26544.0,False,,
2125.0,72,4468.0,50.77272727272727,1.2459240620456493,72,26857.0,0.00911875279764401,72,26857.0,False,,
2130.0,78,4845.0,55.689655172413794,1.0253431513290463,78,27235.0,0.00012141873680616806,78,27235.0,False,,
2135.0,76,5219.0,63.646341463414636,0.8071044666337197,76,27609.0,1.4220490229454705e-06,76,27609.0,False,,
2140.0,76,5599.0,65.1046511627907,1.5409117184287853,76,27989.0,0.06802575600459718,76,27989.0,False,,
2145.0,76,5979.0,72.03614457831326,1.0934968975921144,76,28369.0,0.06829299564910012,76,28369.0,False,,
2150.0,77,6360.0,77.5609756097561,0.7381403015890897,77,28750.0,0.00771846181512841,77,28750.0,False,,
2155.0,78,6749.0,82.3048780487805,0.6659894673590068,78,29139.0,5.874602955235467e-07,78,29139.0,False,,
2160.0,78,7139.0,90.36708860759494,0.15020516688435467,78,29529.0,0.0,78,29529.0,False,,
2165.0,78,7529.0,89.63095238095238,0.9070162875419919,78,29919.0,0.06661613637336183,78,29919.0,False,,
2170.0,78,7919.0,94.27380952380952,0.9192905812958052,78,30309.0,0.05703328000585093,78,30309.0,False,,
2175.0,80,8311.0,98.94047619047619,0.6467443438845368,80,30701.0,0.00011478205892466277,80,30701.0,False,,
2180.0,78,8651.0,104.2289156626506,0.4859692497786158,78,31041.0,0.0,78,31041.0,False,,
2185.0,76,9019.0,106.10588235294118,1.2311206130716752,76,31409.0,0.05,76,31409.0,False,,
2190.0,76,9399.0,109.29069767441861,1.4433407219155912,76,31789.0,0.06937243785696492,76,31789.0,False,,
2195.0,76,9779.0,115.04705882352941,1.232665744167639,76,32169.0,0.06317674901132993,76,32169.0,False,,
2200.0,78,10161.0,123.91463414634147,0.6236218387453332,78,32551.0,2.6163165297003665e-05,78,32551.0,False,,
2205.0,78,10551.0,128.67073170731706,0.6252896716057126,78,32941.0,1.1783110803466046e-07,78,32941.0,False,,
2210.0,78,10941.0,130.25,0.8609859560668587,78,33329.0,0.06298196128336915,78,33329.0,False,,
2215.0,78,11331.0,134.89285714285714,0.9213892333383726,78,33714.0,0.06728970901014408,78,33714.0,False,,
2220.0,78,11721.0,139.53571428571428,0.7796174335082743,78,34099.0,0.03555373890597076,78,34099.0,False,,
2225.0,80,12117.0,144.25,0.637391333783495,80,34490.0,2.1232413655757183e-05,80,34490.0,False,,
2230.0,80,12517.0,149.01190476190476,0.6232520911056831,80,34885.0,4.127589464392503e-07,80,34885.0,False,,
2235.0,80,12917.0,150.19767441860466,0.8228780252204615,80,35274.0,0.05849935163711588,80,35274.0,False,,
2240.0,80,13317.0,154.84883720930233,0.9074427264137176,80,35659.0,0.06383247920937439,80,35659.0,False,,
2245.0,80,13717.0,159.5,0.7119255649645666,80,36044.0,0.004239656930795053,80,36044.0,False,,
2250.0,82,14124.0,164.2325581395349,0.6639364956064441,82,36436.0,2.7997636602854075e-06,82,36436.0,False,,
2255.0,82,14534.0,177.2439024390244,0.0,82,36831.0,0.0,82,36831.0,False,,
2260.0,82,14944.0,169.8181818181818,0.8333957955788507,82,37219.0,0.06081143909644326,82,37219.0,False,,
2265.0,82,15354.0,174.47727272727272,0.8310552671041329,82,37604.0,0.0606194452568543,82,37604.0,False,,
2270.0,84,15766.0,179.1590909090909,0.589749002023686,84,37991.0,6.290958843947098e-05,84,37991.0,False,,
2275.0,84,16186.0,183.9318181818182,0.5956718211719885,84,38386.0,0.0,84,38386.0,False,,
2280.0,84,16606.0,195.36470588235295,0.14729402226084864,84,38779.0,0.0,84,38779.0,False,,
2285.0,84,17026.0,189.17777777777778,0.8486821892610011,84,39164.0,0.06219664711062566,84,39164.0,False,,
2290.0,84,17446.0,193.84444444444443,0.7514186395483675,84,39575.0,0.05435440925235387,84,39575.0,False,,
2295.0,86,17872.0,198.57777777777778,0.6266279292713479,86,40001.0,2.005982063897752e-06,86,40001.0,False,,
2300.0,86,18302.0,203.35555555555555,0.6056869350703711,86,40427.0,0.0,86,40427.0,False,,
2305.0,86,18732.0,205.84615384615384,0.8476820673737671,86,40828.0,0.044444444444444446,86,40828.0,False,,
2310.0,86,19162.0,208.2826086956522,0.9407078805850457,86,41214.0,0.059564009918593945,86,41214.0,False,,
2315.0,86,19592.0,212.95652173913044,0.6373141219922618,86,41599.0,0.021127251705755697,86,41599.0,False,,
2320.0,88,20032.0,217.7391304347826,0.6244456837447329,88,41994.0,0.0,88,41994.0,False,,
2325.0,88,20472.0,224.96703296703296,0.47502729879972827,88,42389.0,0.0,88,42389.0,False,,
2330.0,88,20912.0,222.46808510638297,0.8289556845501789,88,42782.0,0.05735329959975793,88,42782.0,False,,
2335.0,88,21352.0,227.14893617021278,0.7805300047940754,88,43167.0,0.05399536980909738,88,43167.0,False,,
2340.0,90,21797.0,231.88297872340425,0.5424633969024937,90,43557.0,0.027984439080613197,90,43557.0,False,,
2345.0,90,22247.0,236.67021276595744,0.5838943695347399,90,43952.0,0.0,90,43952.0,False,,
2350.0,90,22697.0,244.05376344086022,0.4276154729693483,90,44347.0,0.0,90,44347.0,False,,
2355.0,90,23147.0,241.11458333333334,0.6943728175403363,90,44737.0,0.05124822468587345,90,44737.0,False,,
2360.0,90,23597.0,245.80208333333334,0.6215262986660287,90,45122.0,0.04682598694555621,90,45122.0,False,,
2365.0,92,24054.0,250.5625,0.47871845039486444,92,45514.0,0.016476424949348558,92,45514.0,False,,
2370.0,92,24514.0,255.35416666666666,0.5476300193060578,92,45909.0,0.0,92,45909.0,False,,
2375.0,92,24974.0,260.1458333333333,0.5391780442151436,92,46304.0,0.0,92,46304.0,False,,
2380.0,92,25434.0,259.53061224489795,0.6704763451973681,92,46690.0,0.05057150908599943,92,46690.0,False,,
2385.0,93,25895.0,264.234693877551,0.47791582659719833,93,47076.0,0.03703211340797971,93,47076.0,False,,
2390.0,94,26364.0,269.0204081632653,0.4833436272161985,94,47470.0,0.017351917417454326,94,47470.0,False,,
2395.0,94,26834.0,273.81632653061223,0.5038273652841334,94,47865.0,0.0,94,47865.0,False,,
2400.0,94,27304.0,278.61224489795916,0.5027725585726105,94,48259.0,0.0,94,48259.0,False,,
2405.0,94,27774.0,274.990099009901,0.8749856020695037,94,48644.0,0.05515173544128483,94,48644.0,False,,
2410.0,96,28248.0,282.48,0.5196867869948809,96,49033.0,0.03688108774645058,96,49033.0,False,,
2415.0,96,28728.0,287.28,0.5445855735669852,96,49428.0,0.0,96,49428.0,False,,
2420.0,96,29208.0,292.08,0.5404839168481071,96,49823.0,0.0,96,49823.0,False,,
2425.0,96,29688.0,296.88,0.5572788,96,50212.0,0.04,96,50212.0,False,,
2430.0,96,30168.0,295.7647058823529,0.6296018251279137,96,50597.0,0.04425862184299145,96,50597.0,False,,
2435.0,98,30653.0,300.51960784313724,0.5123727504347998,98,50987.0,0.027000136838049714,98,50987.0,False,,
2440.0,98,31143.0,305.3235294117647,0.5293201759362313,98,51382.0,0.0,98,51382.0,False,,
2445.0,98,31633.0,310.12745098039215,0.5457511545360392,98,51777.0,0.0,98,51777.0,False,,
2450.0,98,32123.0,308.875,0.731316462672205,98,52164.0,0.05281696527353231,98,52164.0,False,,
2455.0,98,32613.0,313.58653846153845,0.5732409803471967,98,52549.0,0.03986674154339018,98,52549.0,False,,
2460.0,100,33110.0,318.36538461538464,0.5440802240862851,100,52941.0,0.019292835805625127,100,52941.0,False,,
2465.0,100,33610.0,323.1730769230769,0.5220988410842142,100,53336.0,0.0,100,53336.0,False,,
2470.0,100,34110.0,334.4117647058824,0.26089766101108863,100,53730.0,0.0,100,53730.0,False,,
2475.0,100,34610.0,326.50943396226415,0.7885743573578136,100,54115.0,0.05391375707413661,100,54115.0,False,,
2480.0,102,35112.0,331.24528301886795,0.5501056673862909,102,54502.0,0.03576204372252185,102,54502.0,False,,
2485.0,102,35622.0,336.0566037735849,0.5393236954831424,102,54897.0,8.901652129164204e-08,102,54897.0,False,,
2490.0,102,36132.0,340.8679245283019,0.5640413726661917,102,55292.0,0.0,102,55292.0,False,,
2495.0,102,36642.0,359.2352941176471,0.0,102,55683.0,0.0,102,55683.0,False,,
2500.0,102,37152.0,344.0,0.6716365791734803,102,56068.0,0.044821009723207024,102,56068.0,False,,
2505.0,104,37665.0,348.75,0.5385954582516622,104,56456.0,0.03539434168999988,104,56456.0,False,,
2510.0,102,37174.0,344.2037037037037,0.33872308051280187,102,54872.0,0.00140794306207813,102,54872.0,False,,
2515.0,94,32639.0,302.212962962963,0.9226499248407661,94,52295.0,0.013888113353855288,94,52295.0,False,,
2520.0,85,28579.0,269.6132075471698,1.426373687982859,85,47730.0,0.026376839729476718,85,47730.0,False,,
2525.0,75,24469.0,222.44545454545454,1.880491447728105,75,48017.0,0.07923342122073503,75,48017.0,False,,
2530.0,75,20875.0,195.09345794392524,1.7845695350888569,75,48311.0,0.07760123266397058,75,48311.0,False,,
2535.0,81,21267.0,204.4903846153846,1.2295626295546724,81,48618.0,0.03379069176966024,81,48618.0,False,,
2540.0,85,21006.0,198.16981132075472,0.8938645480324817,85,48271.0,0.025280786922777635,85,48271.0,False,,
2545.0,81,18687.0,171.44036697247705,1.2764130928308515,81,47957.0,0.06051503065021523,81,47957.0,False,,
2550.0,81,17468.0,155.96428571428572,1.8904141095616,81,46632.0,0.06237296233031284,81,46632.0,False,,
2555.0,80,17385.0,158.04545454545453,1.8437115046346637,80,46947.0,0.07093216113644626,80,46947.0,False,,
2560.0,83,17776.0,166.13084112149534,1.5110809952882887,83,47261.0,0.03798904936820342,83,47261.0,False,,
2565.0,89,18208.0,178.50980392156862,0.6609377931061132,89,47603.0,0.009970206045545221,89,47603.0,False,,
2570.0,94,18582.0,176.97142857142856,0.8744573888649171,94,46027.0,0.05427401391334879,94,46027.0,False,,
2575.0,86,18608.0,178.92307692307693,1.132272263035056,86,44455.0,0.056939859328314746,86,44455.0,False,,
2580.0,80,18705.0,179.85576923076923,1.7986661904464958,80,39974.0,0.06115359998015238,80,39974.0,False,,
2585.0,74,18741.0,181.95145631067962,1.7276671493265965,74,39343.0,0.048599138606132894,74,39343.0,False,,
2590.0,70,18757.0,191.39795918367346,1.5179350972543648,70,39654.0,0.04603149179463429,70,39654.0,False,,
2595.0,77,19127.0,187.51960784313727,1.626848247663889,77,39984.0,0.0841536158772809,77,39984.0,False,,
2600.0,81,19496.0,189.28155339805826,0.8280137177890925,81,38424.0,0.05234754717636935,81,38424.0,False,,
2605.0,79,19769.0,190.08653846153845,1.0069644119024912,79,36891.0,0.04583371977988792,79,36891.0,False,,
2610.0,80,20079.0,189.4245283018868,1.547281809064895,80,32376.0,0.032696803735138814,80,32376.0,False,,
2615.0,77,20375.0,194.04761904761904,1.645408857651125,77,32757.0,0.045542625314093345,77,32757.0,False,,
2620.0,72,20658.0,196.74285714285713,1.9186896911002036,72,33111.0,0.0957644742066348,72,33111.0,False,,
2625.0,79,21035.0,202.2596153846154,1.3930796700996213,79,33489.0,0.0723527947638867,79,33489.0,False,,
2630.0,84,21423.0,202.10377358490567,0.7073304802248265,84,32781.0,0.03721900796572241,84,32781.0,False,,
2635.0,87,21718.0,204.88679245283018,0.6298040318440188,87,32086.0,0.019768128284639943,87,32086.0,False,,
2640.0,84,22046.0,204.12962962962962,1.5110121611892748,84,30153.0,0.030460458796195678,84,30153.0,False,,
2645.0,78,22197.0,196.43362831858408,2.06798180729909,78,29921.0,0.07783607223504786,78,29921.0,False,,
2650.0,68,21612.0,201.98130841121494,1.9162117508263974,68,29689.0,0.0911204845167728,68,29689.0,False,,
2655.0,69,21184.0,199.8490566037736,2.045834035045769,69,28524.0,0.06759749933604749,69,28524.0,False,,
2660.0,67,21080.0,198.8679245283019,2.391345046314448,67,28100.0,0.08793076654005295,67,28100.0,False,,
2665.0,70,21348.0,197.66666666666666,2.3069880511645295,70,28068.0,0.10685839321224237,70,28068.0,False,,
2670.0,78,21602.0,201.88785046728972,1.7961768063012633,78,28362.0,0.07715521326567505,78,28362.0,False,,
2675.0,88,22022.0,211.75,1.3959272639103664,88,28743.0,0.03764460878383635,88,28743.0,False,,
2680.0,92,22407.0,217.54368932038835,0.9839821314829248,92,29012.0,0.01065843986723197,92,29012.0,False,,
2685.0,84,22510.0,234.47916666666666,0.7073871667419747,84,29264.0,0.017798997071580284,84,29264.0,False,,
2690.0,75,22631.0,221.87254901960785,2.185891852127976,75,29186.0,0.08250517670548284,75,29186.0,False,,
2695.0,66,22698.0,229.27272727272728,2.201316451998307,66,29505.0,0.10747740237460043,66,29505.0,False,,
2700.0,63,22794.0,239.93684210526317,1.8862663025031294,63,29794.0,0.0884931039857232,63,29794.0,False,,
2705.0,70,23103.0,245.77659574468086,1.6090868721898637,70,30127.0,0.04529038453769288,70,30127.0,False,,
2710.0,75,23438.0,244.14583333333334,1.0603802499422055,75,30365.0,0.019898508762792894,75,30365.0,False,,
2715.0,71,23676.0,241.59183673469389,1.506983093125455,71,30602.0,0.08021075176820301,71,30602.0,False,,
2720.0,70,23943.0,239.43,2.2584920565933975,70,30611.0,0.07382780487197185,70,30611.0,False,,
2725.0,67,24085.0,248.29896907216494,1.624369541771116,67,30572.0,0.05530170540782154,67,30572.0,False,,
2730.0,56,23752.0,255.3978494623656,1.7202819576907222,56,30391.0,0.06727034296727426,56,30391.0,False,,
2735.0,55,23719.0,257.8152173913044,2.287589596566035,55,30015.0,0.0797687704776637,55,30015.0,False,,
2740.0,61,24013.0,245.03061224489795,3.1445186435382353,61,29991.0,0.14347465330946496,61,29991.0,False,,
2745.0,66,24296.0,250.4742268041237,2.208668957546827,66,30070.0,0.08069282306896149,66,30070.0,False,,
2750.0,72,24469.0,257.5684210526316,1.4252011952674817,72,30223.0,0.02121595051236394,72,30223.0,False,,
2755.0,69,24691.0,274.34444444444443,1.8287265100528378,69,30275.0,0.04121505352857806,69,30275.0,False,,
2760.0,60,24831.0,282.17045454545456,1.7013634397674173,60,30529.0,0.05000797053928711,60,30529.0,False,,
2765.0,52,24901.0,273.6373626373626,2.699038987267348,52,30733.0,0.1360656589840784,52,30733.0,False,,
2770.0,61,25170.0,286.02272727272725,2.5298005879109677,61,30964.0,0.10324785163344267,61,30964.0,False,,
2775.0,65,25457.0,289.28409090909093,1.091794834363226,65,31142.0,0.03508785027553564,65,31142.0,False,,
2780.0,66,25653.0,298.2906976744186,0.7921996736423976,66,31333.0,0.026207519645309298,66,31333.0,False,,
2785.0,64,25867.0,281.1630434782609,2.3506681400587155,64,31366.0,0.08620153679846877,64,31366.0,False,,
2790.0,59,26072.0,283.39130434782606,2.573941688195228,59,31610.0,0.12320465996613175,59,31610.0,False,,
2795.0,53,26247.0,298.2613636363636,2.062130722063071,53,31856.0,0.092858621735284,53,31856.0,False,,
2800.0,60,26537.0,308.56976744186045,1.8279993235174492,60,32146.0,0.05506851036139344,60,32146.0,False,,
2805.0,65,26827.0,308.35632183908046,1.039375108212145,65,32368.0,0.02524344265281579,65,32368.0,False,,
2810.0,63,27023.0,293.7282608695652,1.936517932170736,63,32590.0,0.09406532987672091,63,32590.0,False,,
2815.0,62,27253.0,296.2282608695652,2.6567933750383954,62,32650.0,0.1043170619707038,62,32650.0,False,,
2820.0,59,26031.0,292.4831460674157,1.9827153050081419,59,31021.0,0.0852035462729413,59,31021.0,False,,
2825.0,49,19063.0,221.6627906976744,1.9636694342307197,49,29381.0,0.08370327911447001,49,29381.0,False,,
2830.0,48,13584.0,161.71428571428572,2.493988963255414,48,24057.0,0.0870036505056831,48,24057.0,False,,
2835.0,45,6646.0,73.03296703296704,2.779484800478454,45,24190.0,0.1449605079097351,45,24190.0,False,,
2840.0,38,1016.0,11.28888888888889,2.8755388475495467,38,24250.0,0.14605941662966332,38,24250.0,False,,
2845.0,44,1132.0,12.43956043956044,2.382843789937528,44,24264.0,0.08725948617988488,44,24264.0,False,,
2850.0,50,1304.0,14.173913043478262,2.684207312147147,50,24367.0,0.08712506027886387,50,24367.0,False,,
2855.0,49,1258.0,13.977777777777778,2.2858579478461545,49,24325.0,0.08607719172720801,49,24325.0,False,,
2860.0,51,702.0,7.389473684210526,2.776476825026631,51,24228.0,0.14526989501227253,51,24228.0,False,,
2865.0,59,949.0,9.989473684210527,2.7242398429081067,59,24109.0,0.12690042219122397,59,24109.0,False,,
2870.0,69,1243.0,12.814432989690722,1.432637895092069,69,24347.0,0.02943737361759597,69,24347.0,False,,
2875.0,70,1463.0,15.563829787234043,1.3129526752233291,70,24595.0,0.030337932078560136,70,24595.0,False,,
2880.0,66,1701.0,18.9,1.636339977149379,66,24786.0,0.039366944853355464,66,24786.0,False,,
2885.0,61,1859.0,18.96938775510204,2.3810547149006385,61,23192.0,0.10982055967114916,61,23192.0,False,,
2890.0,53,1630.0,17.340425531914892,2.398242472966867,53,21582.0,0.10034568351630763,53,21582.0,False,,
2895.0,55,1495.0,16.988636363636363,2.2860532073236586,55,16333.0,0.06763488509255192,55,16333.0,False,,
2900.0,53,1317.0,15.313953488372093,1.9779076108069091,53,16461.0,0.05923941215114025,53,16461.0,False,,
2905.0,50,1090.0,12.674418604651162,2.7030141062132116,50,16586.0,0.13981598206092308,50,16586.0,False,,
2910.0,57,1356.0,15.409090909090908,2.732849391806972,57,16804.0,0.12327915981638729,57,16804.0,False,,
2915.0,63,1601.0,17.788888888888888,1.3659244154112686,63,16995.0,0.03803489966142712,63,16995.0,False,,
2920.0,65,1645.0,18.693181818181817,1.185170773770666,65,17218.0,0.03425255005389642,65,17218.0,False,,
2925.0,63,1732.0,19.681818181818183,1.9033695709549823,63,17257.0,0.0421724903306692,63,17257.0,False,,
2930.0,60,1821.0,19.372340425531913,2.7291137463233515,60,15697.0,0.13610101543105135,60,15697.0,False,,
2935.0,56,1829.0,20.322222222222223,2.203934199294618,56,14137.0,0.09806082428348926,56,14137.0,False,,
2940.0,57,1882.0,21.88372093023256,2.256234498409996,57,9199.0,0.06984484313807397,57,9199.0,False,,
2945.0,56,1922.0,22.88095238095238,1.9568599851947286,56,9371.0,0.05530787642612507,56,9371.0,False,,
2950.0,44,1859.0,23.833333333333332,1.9761922995518233,44,9463.0,0.07858797320279713,44,9463.0,False,,
2955.0,44,1990.0,23.13953488372093,3.567251359737693,44,9452.0,0.17425939893908834,44,9452.0,False,,
2960.0,49,2137.0,24.28409090909091,2.3385026990720488,49,9600.0,0.09739067884491132,49,9600.0,False,,
2965.0,62,2392.0,27.813953488372093,1.474640592854596,62,9857.0,0.025303959391093995,62,9857.0,False,,
2970.0,74,2743.0,32.654761904761905,0.9102405614715533,74,10209.0,0.0008990685275205212,74,10209.0,False,,
2975.0,76,3100.0,37.80487804878049,0.6311277513161916,76,10481.0,7.979066058424206e-05,76,10481.0,False,,
2980.0,67,3333.0,38.75581395348837,1.713544535945492,67,10682.0,0.08622609002579446,67,10682.0,False,,
2985.0,70,3662.0,42.58139534883721,2.1116522342594024,70,10839.0,0.05974739740043085,70,10839.0,False,,
2990.0,70,3920.0,46.666666666666664,1.2813411304205131,70,9533.0,0.0058879321731730855,70,9533.0,False,,
2995.0,64,3821.0,48.36708860759494,1.296862907430622,64,7395.0,0.019539983036835955,64,7395.0,False,,
3000.0,56,3785.0,49.15584415584416,2.2885867114759137,56,4998.0,0.046063426032415374,56,4998.0,False,,
3005.0,48,3615.0,43.55421686746988,2.8470592230252145,48,5201.0,0.11159820543525112,48,5201.0,False,,
3010.0,46,3516.0,46.26315789473684,2.2526462962879608,46,5407.0,0.11335516155948433,46,5407.0,False,,
3015.0,53,3766.0,49.55263157894737,1.6579047616985128,53,5644.0,0.04801074837742364,53,5644.0,False,,
3020.0,58,3656.0,46.87179487179487,1.0743464015233863,58,5534.0,0.025548290188435598,58,5534.0,False,,
3025.0,55,2220.0,27.073170731707318,1.5820761977316866,55,5420.0,0.0709354033031579,55,5420.0,False,,
3030.0,56,1422.0,16.928571428571427,2.68552706765066,56,4684.0,0.0994740049744864,56,4684.0,False,,
3035.0,52,1015.0,12.378048780487806,2.488100325268706,52,4955.0,0.10213139061920357,52,4955.0,False,,
3040.0,53,1022.0,13.447368421052632,1.4395233047682834,53,5217.0,0.06018952015639984,53,5217.0,False,,
3045.0,59,1305.0,17.17105263157895,0.9695100185385387,59,5500.0,0.0471567848513556,59,5500.0,False,,
3050.0,63,1519.0,18.524390243902438,1.1888005420361214,63,5496.0,0.08300937360510785,63,5496.0,False,,
3055.0,60,1390.0,16.951219512195124,1.523784751541804,60,5344.0,0.0728802712707471,60,5344.0,False,,
3060.0,57,1321.0,16.109756097560975,2.129310318649403,57,4966.0,0.05014308106861784,57,4966.0,False,,
3065.0,53,1285.0,16.265822784810126,1.9085978158844847,53,5237.0,0.05746957520677138,53,5237.0,False,,
3070.0,49,1196.0,15.946666666666667,1.5917076358967956,49,5489.0,0.05781923203749603,49,5489.0,False,,
3075.0,56,1459.0,17.79268292682927,1.6213448271678557,56,5752.0,0.09254621259538043,56,5752.0,False,,
3080.0,67,1772.0,21.095238095238095,0.9734786714188469,67,6065.0,0.06946327240132957,67,6065.0,False,,
3085.0,73,2086.0,24.25581395348837,0.18958297934256002,73,6169.0,0.01108410248457482,73,6169.0,False,,
3090.0,72,2271.0,25.806818181818183,0.7573176985288527,72,6284.0,0.020692582831465953,72,6284.0,False,,
3095.0,68,2490.0,28.295454545454547,1.9607120103345788,68,5963.0,0.035182192326927486,68,5963.0,False,,
3100.0,58,2632.0,29.90909090909091,2.182127150295626,58,6248.0,0.10073504305806688,58,6248.0,False,,
3105.0,56,2826.0,33.247058823529414,1.7317452625085634,56,6532.0,0.08061132433671948,56,6532.0,False,,
3110.0,62,3116.0,37.095238095238095,1.217884778282609,62,6833.0,0.05962907350470972,62,6833.0,False,,
3115.0,71,3453.0,40.151162790697676,0.5297592228776843,71,7170.0,0.021024313793037132,71,7170.0,False,,
3120.0,77,3827.0,43.48863636363637,0.3274218707991445,77,7544.0,0.006769985789529404,77,7544.0,False,,
3125.0,81,4178.0,44.924731182795696,0.7087410493901984,81,7709.0,0.043637760787426254,81,7709.0,False,,
3130.0,76,4348.0,47.26086956521739,1.0261395988736675,76,7873.0,0.047302759782324545,76,7873.0,False,,
3135.0,71,4550.0,49.45652173913044,1.8481782826689745,71,7617.0,0.034386095961655,71,7617.0,False,,
3140.0,62,4679.0,51.98888888888889,1.8868095963032832,62,7940.0,0.05190004113247097,62,7940.0,False,,
3145.0,59,4845.0,55.05681818181818,1.7618365360262247,59,8243.0,0.09731591736361428,59,8243.0,False,,
3150.0,65,5162.0,58.65909090909091,1.410241808087804,65,8560.0,0.088990509848405,65,8560.0,False,,
3155.0,72,5509.0,60.53846153846154,0.7100936595717554,72,8910.0,0.044210731925378124,72,8910.0,False,,
3160.0,80,5897.0,64.09782608695652,0.36316363029821846,80,9299.0,0.0074522461352211,80,9299.0,False,,
3165.0,87,6320.0,67.23404255319149,0.2782140884000948,87,9722.0,0.001374268709645076,87,9722.0,False,,
3170.0,90,6709.0,69.16494845360825,0.7427795452308787,90,9961.0,0.04022862525146758,90,9961.0,False,,
3175.0,80,6846.0,71.3125,1.1278180344716355,80,10073.0,0.04421163193820605,80,10073.0,False,,
3180.0,73,7003.0,72.94791666666667,1.9793074084356934,73,10030.0,0.04342219108787904,73,10030.0,False,,
3185.0,67,7158.0,77.80434782608695,1.5455713179974808,67,10373.0,0.05049377732662876,67,10373.0,False,,
3190.0,64,7284.0,83.72413793103448,1.062533117776047,64,10700.0,0.050349361138672215,64,10700.0,False,,
3195.0,69,7622.0,82.84782608695652,1.4047461615186931,69,11039.0,0.08088850303656037,69,11039.0,False,,
3200.0,76,7990.0,85.0,0.5768694654881495,76,11407.0,0.04104051351931093,76,11407.0,False,,
3205.0,86,8400.0,87.5,0.35860808535692784,86,11817.0,0.00576114423650377,86,11817.0,False,,
3210.0,92,8848.0,90.28571428571429,0.292924723211758,92,12266.0,0.0008544959558123999,92,12266.0,False,,
3215.0,96,9323.0,97.11458333333333,0.0005078012677435764,96,12742.0,3.7176657616574413e-05,96,12742.0,False,,
3220.0,96,9803.0,98.03,0.517772794712718,96,13222.0,0.03875579201853141,96,13222.0,False,,
3225.0,96,10283.0,102.83,0.2523880416203416,96,13702.0,0.018575679021337953,96,13702.0,False,,
3230.0,98,10773.0,107.73,0.2523184097592737,98,14192.0,9.288052810578432e-08,98,14192.0,False,,
3235.0,98,11263.0,112.63,0.2471586487913951,98,14682.0,0.0,98,14682.0,False,,
3240.0,98,11753.0,118.71717171717172,0.11725035882994897,98,15172.0,1.0082945424540875e-07,98,15172.0,False,,
3245.0,98,12243.0,120.02941176470588,0.39312827732923694,98,15662.0,0.028058423503042506,98,15662.0,False,,
3250.0,100,12737.0,124.87254901960785,0.25278300168719897,100,16156.0,0.01924358724067853,100,16156.0,False,,
3255.0,100,13237.0,129.77450980392157,0.23817470528401985,100,16656.0,0.0,100,16656.0,False,,
3260.0,100,13737.0,134.6764705882353,0.23771032726106583,100,17156.0,0.0,100,17156.0,False,,
3265.0,100,14237.0,135.59047619047618,0.5927793523816353,100,17656.0,0.038461538461538464,100,17656.0,False,,
3270.0,100,14737.0,141.70192307692307,0.30509198166134827,100,18156.0,0.02338599630856171,100,18156.0,False,,
3275.0,102,15245.0,146.58653846153845,0.24434340859000597,102,18664.0,0.009634234741886044,102,18664.0,False,,
3280.0,102,15755.0,151.4903846153846,0.249197569386233,102,19174.0,0.0,102,19174.0,False,,
3285.0,102,16265.0,156.39423076923077,0.2470094105797032,102,19684.0,0.0,102,19684.0,False,,
3290.0,102,16775.0,156.77570093457945,0.6112175581662207,102,20194.0,0.03616262856228991,102,20194.0,False,,
3295.0,103,17287.0,163.08490566037736,0.24110091814688228,103,20706.0,0.01858343389017041,103,20706.0,False,,
3300.0,104,17807.0,167.99056603773585,0.24116979363981333,104,21226.0,0.009288302236610287,104,21226.0,False,,
3305.0,104,18327.0,172.89622641509433,0.23307155759049122,104,21746.0,0.0,104,21746.0,False,,
3310.0,104,18847.0,179.4952380952381,0.09724767356558571,104,22266.0,0.0,104,22266.0,False,,
3315.0,104,19367.0,177.67889908256882,0.5268628855401467,104,22786.0,0.03218705535735725,104,22786.0,False,,
3320.0,106,19892.0,184.1851851851852,0.24853037325515734,106,23311.0,0.017508922836540576,106,23311.0,False,,
3325.0,106,20422.0,189.09259259259258,0.25935453832976213,106,23841.0,0.0,106,23841.0,False,,
3330.0,106,20952.0,194.0,0.24167904405926807,106,24371.0,0.0,106,24371.0,False,,
3335.0,106,21482.0,200.7663551401869,0.11894693839211785,106,24901.0,0.0,106,24901.0,False,,
3340.0,106,22012.0,200.1090909090909,0.3320011268493181,106,25431.0,0.023088973349836752,106,25431.0,False,,
3345.0,106,21927.0,199.33636363636364,0.29133746088181306,106,25039.0,0.017870225863479482,106,25039.0,False,,
3350.0,97,19338.0,175.8,0.5636126827300696,97,24654.0,0.013767576831425784,97,24654.0,False,,
3355.0,89,17053.0,155.02727272727273,1.3995199776846992,89,22966.0,0.03093033790195926,89,22966.0,False,,
3360.0,78,14710.0,136.2037037037037,1.509604095674645,78,22942.0,0.042238074421915586,78,22942.0,False,,
3365.0,77,13027.0,121.74766355140187,1.3415256356713092,77,23330.0,0.062196413094158666,77,23330.0,False,,
3370.0,85,13149.0,124.04716981132076,0.9445309667244153,85,23740.0,0.054285770304220514,85,23740.0,False,,
3375.0,91,13592.0,125.85185185185185,0.4769847208329128,91,24183.0,0.020453983211784484,91,24183.0,False,,
3380.0,97,14063.0,127.84545454545454,0.2859754656743613,97,24654.0,0.0062783756225430415,97,24654.0,False,,
3385.0,102,14163.0,122.09482758620689,0.5735281732434638,102,24631.0,0.027501088009903082,102,24631.0,False,,
3390.0,99,12678.0,111.21052631578948,0.7885343105899502,99,24616.0,0.03425798685028132,99,24616.0,False,,
3395.0,92,11587.0,101.64035087719299,1.5760172519509343,92,23826.0,0.045813819031246886,92,23826.0,False,,
3400.0,86,10085.0,90.85585585585585,1.2134637322477178,86,24264.0,0.03798391370426295,86,24264.0,False,,
3405.0,84,9157.0,85.57943925233644,0.9443169176163648,84,24688.0,0.037975974487668894,84,24688.0,False,,
3410.0,88,9396.0,84.64864864864865,0.901203755905422,88,25119.0,0.04749794302232856,88,25119.0,False,,
3415.0,97,9870.0,86.57894736842105,0.5134133353555554,97,25593.0,0.02963559525641903,97,25593.0,False,,
3420.0,104,10375.0,91.00877192982456,0.28133368316945545,104,26100.0,0.01127130996804351,104,26100.0,False,,
3425.0,109,10784.0,92.96551724137932,0.2877605558391137,109,25707.0,0.0006616602737648541,109,25707.0,False,,
3430.0,102,10693.0,92.98260869565217,0.7297940306797437,102,25311.0,0.017800003202956338,102,25311.0,False,,
3435.0,94,10700.0,92.24137931034483,1.7534930790919707,94,23197.0,0.04913525172943963,94,23197.0,False,,
3440.0,86,10568.0,94.35714285714286,1.4639174452361587,86,23639.0,0.05955289464634454,86,23639.0,False,,
3445.0,83,10551.0,97.69444444444444,1.043150227066372,83,24060.0,0.050387032331266304,83,24060.0,False,,
3450.0,90,10989.0,101.75,0.6372043587532303,90,24498.0,0.02962728501505337,90,24498.0,False,,
3455.0,93,11339.0,102.15315315315316,0.3441245236842175,93,24369.0,0.017097758640243026,93,24369.0,False,,
3460.0,91,11259.0,97.90434782608696,0.9251898390956873,91,24245.0,0.03755358012736887,91,24245.0,False,,
3465.0,89,11197.0,96.52586206896552,1.638272501649277,89,22966.0,0.04752974535767902,89,22966.0,False,,
3470.0,86,11241.0,99.47787610619469,1.4291368271980402,86,23404.0,0.04099975270225419,86,23404.0,False,,
3475.0,83,11277.0,103.45871559633028,1.0879938747560005,83,23827.0,0.04053350197907463,83,23827.0,False,,
3480.0,88,11710.0,108.42592592592592,0.6247640550566206,88,24260.0,0.029825167885114044,88,24260.0,False,,
3485.0,92,12081.0,107.86607142857143,0.5486310090856948,92,23797.0,0.0368623768036934,92,23797.0,False,,
3490.0,89,12098.0,106.12280701754386,0.8820753977510811,89,22926.0,0.03517269043086697,89,22926.0,False,,
3495.0,88,12178.0,104.98275862068965,1.4017530925607364,88,21275.0,0.026206460281935757,88,21275.0,False,,
3500.0,86,12255.0,107.5,1.3933395405171523,86,21703.0,0.039168018257259477,86,21703.0,False,,
3505.0,84,12381.0,110.54464285714286,1.4122080648271944,84,22125.0,0.059923908371397605,84,22125.0,False,,
3510.0,90,12817.0,116.51818181818182,0.9278066274775959,90,22562.0,0.05168994261417123,90,22562.0,False,,
3515.0,94,13192.0,117.78571428571429,0.44454861665260975,94,22396.0,0.030975433718423054,94,22396.0,False,,
3520.0,92,13227.0,116.02631578947368,0.7612778617665773,92,21612.0,0.01747092493161081,92,21612.0,False,,
3525.0,89,13327.0,114.88793103448276,1.547333640599854,89,20851.0,0.0348085310300027,89,20851.0,False,,
3530.0,88,13416.0,115.65517241379311,1.7387820589445944,88,20431.0,0.05897731782615904,88,20431.0,False,,
3535.0,74,13206.0,121.1559633027523,1.6054909688959003,74,19140.0,0.07187022237820823,74,19140.0,False,,
3540.0,73,13342.0,121.2909090909091,1.9634854625012759,73,18435.0,0.06078444040649139,73,18435.0,False,,
3545.0,71,13442.0,122.2,1.4638809300324818,71,18745.0,0.058650618352454144,71,18745.0,False,,
3550.0,74,13618.0,124.93577981651376,1.2667085455360028,74,19089.0,0.04884877597578629,74,19089.0,False,,
3555.0,87,14028.0,125.25,1.1549595570624915,87,19501.0,0.052259769490275144,87,19501.0,False,,
3560.0,93,14428.0,125.4608695652174,0.7812366340618628,93,19333.0,0.03425644448390283,93,19333.0,False,,
3565.0,91,14599.0,128.06140350877192,0.661363661308872,91,19166.0,0.025042828162123165,91,19166.0,False,,
3570.0,92,14819.0,127.75,1.3967751444928633,92,18264.0,0.03372604473759694,92,18264.0,False,,
3575.0,86,13868.0,121.64912280701755,1.4907579877145736,86,17226.0,0.04289041211508238,86,17226.0,False,,
3580.0,74,8905.0,80.22522522522523,1.7485924114876368,74,16495.0,0.08031276271848645,74,16495.0,False,,
3585.0,71,5579.0,50.71818181818182,2.1321045229257805,71,13758.0,0.08443527700093306,71,13758.0,False,,
3590.0,71,3315.0,29.598214285714285,1.6515051482164722,71,13778.0,0.06385356015823376,71,13778.0,False,,
3595.0,64,1404.0,12.763636363636364,1.5544362849779876,64,13786.0,0.060811267944635185,64,13786.0,False,,
3600.0,67,1146.0,10.418181818181818,2.0203370086863286,67,13253.0,0.06721379279377779,67,13253.0,True,"{'r': -132.53, 'l': 720, 't': 65.187562}","[1.         0.         0.         0.         1.         0.7396971
 0.79253256 1.         0.10567101 0.7396971  0.79253256 1.
 0.10567101 0.42268404 0.36984855 0.8453681  0.10567101 0.42268404
 0.36984855 0.8982036  0.10567101]"
