step,system_total_stopped,system_total_waiting_time,system_mean_waiting_time,system_mean_speed,t_stopped,t_accumulated_waiting_time,t_average_speed,agents_total_stopped,agents_total_accumulated_waiting_time
5.0,0,0.0,0.0,11.597358107657413,0,0.0,0.893712762069374,0,0.0
10.0,0,0.0,0.0,11.656315740758407,0,0.0,0.9036837453546055,0,0.0
15.0,5,8.0,0.6666666666666666,4.019104920470004,5,8.0,0.2072355039517852,5,8.0
20.0,7,32.0,2.6666666666666665,3.1446292348430354,7,32.0,0.00025591986487132296,7,32.0
25.0,7,67.0,3.35,8.453104565018489,7,67.0,0.5333333333333333,7,67.0
30.0,7,102.0,4.857142857142857,8.359405052905808,7,102.0,0.5733818665568929,7,102.0
35.0,5,96.0,5.052631578947368,5.773030759142842,5,96.0,0.4671446463291661,5,96.0
40.0,10,84.0,4.421052631578948,3.72942911753031,10,84.0,0.06435616870105534,10,84.0
45.0,11,137.0,7.2105263157894735,5.354872911898046,11,137.0,1.166978300090165e-05,11,137.0
50.0,9,120.0,4.137931034482759,7.995445990070692,9,120.0,0.5209243801027167,9,120.0
55.0,7,135.0,5.625,8.81560958968788,7,135.0,0.5919614253783223,7,135.0
60.0,8,171.0,7.434782608695652,5.114785881549797,8,171.0,0.22787195031387888,8,171.0
65.0,16,167.0,7.9523809523809526,1.8850159384879892,16,167.0,0.0003592164697154758,16,167.0
70.0,9,117.0,6.157894736842105,4.015825566568416,9,168.0,0.1143059854107825,9,168.0
75.0,9,162.0,5.4,8.618893451556035,9,162.0,0.49547246879335677,9,162.0
80.0,7,125.0,4.62962962962963,8.697313905148766,7,125.0,0.5833900204866289,7,125.0
85.0,5,114.0,5.181818181818182,4.623187109520816,5,114.0,0.1406302463286845,5,114.0
90.0,15,172.0,8.19047619047619,3.691512874453078,15,172.0,0.000265651221738017,15,172.0
95.0,13,179.0,9.421052631578947,2.976748081637965,13,179.0,5.576322863370728e-07,13,179.0
100.0,7,116.0,4.296296296296297,7.69988667657331,7,156.0,0.5198456929518972,7,156.0
105.0,7,151.0,5.592592592592593,9.694347777698047,7,151.0,0.5877891376257295,7,151.0
110.0,9,121.0,4.84,3.8879362545804486,9,121.0,0.05039211798537931,9,121.0
115.0,14,158.0,8.31578947368421,2.396118611038855,14,160.0,0.027792514136726197,14,160.0
120.0,14,228.0,12.0,3.062913361600201,14,228.0,0.0,14,228.0
125.0,12,221.0,7.129032258064516,6.814898483796219,12,221.0,0.45680159510768664,12,221.0
130.0,6,116.0,4.461538461538462,6.691788061146212,6,183.0,0.4464642803808786,6,183.0
135.0,10,157.0,6.038461538461538,5.621345879424244,10,157.0,0.09038896739987556,10,157.0
140.0,14,166.0,7.545454545454546,3.8897249917539494,14,166.0,0.00023094144762935846,14,166.0
145.0,12,210.0,8.076923076923077,7.272300803210002,12,210.0,0.4,12,210.0
150.0,12,270.0,9.642857142857142,7.860072784261452,12,270.0,0.4793731005894523,12,270.0
155.0,10,240.0,9.6,3.397007904225631,10,240.0,0.21703195423564417,10,240.0
160.0,11,113.0,4.708333333333333,2.9218309174773096,11,208.0,0.10286362651635717,11,208.0
165.0,12,173.0,7.208333333333333,6.126557099537599,12,175.0,0.09463105036206866,12,175.0
170.0,12,168.0,5.25,6.942501888531883,12,170.0,0.44300608359390004,12,170.0
175.0,10,193.0,6.433333333333334,7.965192376687191,10,195.0,0.5044207361846044,10,195.0
180.0,10,243.0,9.346153846153847,5.238910058881923,10,245.0,0.25422023466368904,10,245.0
185.0,16,225.0,9.375,2.347372801722546,16,227.0,0.0033978461820671417,16,227.0
190.0,10,150.0,6.818181818181818,3.9955715280665562,10,230.0,0.0944625626198897,10,230.0
195.0,10,200.0,6.25,8.281545953939705,10,202.0,0.45286439324611644,10,202.0
200.0,8,166.0,5.724137931034483,8.621691538523873,8,168.0,0.5462210473211181,8,168.0
205.0,7,160.0,6.4,5.21324483941161,7,162.0,0.15101527023543362,7,162.0
210.0,16,227.0,10.318181818181818,3.569779978569248,16,229.0,0.0003015270097665614,16,229.0
215.0,14,211.0,10.55,2.7388664419588027,14,211.0,7.09940906088885e-07,14,211.0
220.0,6,83.0,2.9642857142857144,7.817541595095131,6,128.0,0.5183736618187108,6,128.0
225.0,6,113.0,4.035714285714286,9.968623689513322,6,113.0,0.6083194959882511,6,113.0
230.0,5,96.0,3.6923076923076925,4.456717851713954,5,96.0,0.05830100404751078,5,96.0
235.0,14,158.0,7.523809523809524,3.815299533562725,14,158.0,2.3161886255272834e-05,14,158.0
240.0,14,228.0,12.666666666666666,2.7943031980640547,14,228.0,0.0,14,228.0
245.0,12,219.0,7.821428571428571,6.666675427040131,12,219.0,0.4601324749607563,12,219.0
250.0,6,114.0,4.384615384615385,6.6197019844214875,6,164.0,0.4117961499981977,6,164.0
255.0,12,159.0,6.115384615384615,5.544706175342858,12,159.0,0.07822765625956947,12,159.0
260.0,14,172.0,7.478260869565218,4.246135178673015,14,172.0,0.0005519479444738402,14,172.0
265.0,12,216.0,8.307692307692308,6.553735403468441,12,216.0,0.4,12,216.0
270.0,12,276.0,9.857142857142858,7.368971523013934,12,276.0,0.47364763103874613,12,276.0
275.0,11,248.0,9.538461538461538,4.493601707400469,11,248.0,0.3228429632227506,11,248.0
280.0,10,101.0,4.208333333333333,2.772563099555797,10,207.0,0.1012562999426764,10,207.0
285.0,12,161.0,6.708333333333333,5.995444483152894,12,168.0,0.11707040842420303,12,168.0
290.0,10,151.0,4.575757575757576,7.269718321918514,10,155.0,0.4325558202529674,10,155.0
295.0,10,178.0,6.357142857142857,7.5955811379566045,10,182.0,0.4942185549166851,10,182.0
300.0,11,229.0,8.807692307692308,5.154508794538955,11,233.0,0.25557541119066235,11,233.0
305.0,17,215.0,8.958333333333334,2.158050101005876,17,219.0,0.0012424750776562539,17,219.0
310.0,10,144.0,6.545454545454546,3.867455005224942,10,226.0,0.09618221699574905,10,226.0
315.0,10,194.0,6.0625,8.573313587068156,10,198.0,0.48265537748384585,10,198.0
320.0,8,163.0,5.433333333333334,8.83695394883183,8,167.0,0.566590638090599,8,167.0
325.0,7,158.0,6.32,4.238364798762242,7,162.0,0.1422683955288987,7,162.0
330.0,16,226.0,10.272727272727273,2.9525783381627986,16,230.0,0.00013704428542024073,16,230.0
335.0,14,217.0,9.863636363636363,2.970895129783638,14,217.0,6.251706912819784e-07,14,217.0
340.0,6,82.0,2.8275862068965516,7.970108581527202,6,162.0,0.5402213030586307,6,162.0
345.0,6,112.0,4.0,9.612901370029515,6,112.0,0.5867419295447714,6,112.0
350.0,9,101.0,3.740740740740741,4.832153968774644,9,101.0,0.05522340469785707,9,101.0
355.0,14,161.0,7.666666666666667,3.787335985810374,14,161.0,1.0809668687951013e-05,14,161.0
360.0,14,231.0,12.833333333333334,3.1844138219500375,14,231.0,0.0,14,231.0
365.0,12,223.0,8.25925925925926,6.314559172144202,12,223.0,0.46239668399308376,12,223.0
370.0,6,117.0,4.5,6.924452613778597,6,167.0,0.46112547010968374,6,167.0
375.0,10,153.0,5.884615384615385,5.828502481722085,10,153.0,0.09712284987333519,10,153.0
380.0,14,164.0,7.130434782608695,4.313130519722168,14,164.0,0.00037799558516788914,14,164.0
385.0,12,213.0,8.52,6.567971020431172,12,213.0,0.4,12,213.0
390.0,12,273.0,9.75,7.314943399172712,12,273.0,0.45353974099723154,12,273.0
395.0,10,243.0,9.346153846153847,4.5414539338494455,10,243.0,0.295030139996203,10,243.0
400.0,11,111.0,4.625,2.656495437046076,11,204.0,0.08563851489437137,11,204.0
405.0,12,171.0,7.125,5.815084937482108,12,174.0,0.08153063946053853,12,174.0
410.0,12,162.0,4.909090909090909,7.750171921232149,12,165.0,0.46756563856219385,12,165.0
415.0,10,186.0,6.642857142857143,8.133691891292901,10,189.0,0.5058066827449589,10,189.0
420.0,11,237.0,9.115384615384615,3.8069029798964023,11,240.0,0.11388739063629842,11,240.0
425.0,19,237.0,9.875,1.806960458640857,19,240.0,6.430520370049048e-05,19,240.0
430.0,11,168.0,7.636363636363637,3.3482364383934025,11,252.0,0.08872589390416852,11,252.0
435.0,11,223.0,6.757575757575758,8.579943220014705,11,226.0,0.47673782765365696,11,226.0
440.0,9,195.0,6.290322580645161,8.837795494312767,9,198.0,0.5385902599861903,9,198.0
445.0,11,195.0,7.8,4.139592536400693,11,198.0,0.11639592347102351,11,198.0
450.0,17,270.0,11.73913043478261,3.3235764870511058,17,273.0,0.0001151407834449919,17,273.0
455.0,15,262.0,12.476190476190476,2.6925994165870004,15,262.0,7.820815734047918e-07,15,262.0
460.0,7,124.0,4.275862068965517,7.580535607531116,7,172.0,0.5176706535001728,7,172.0
465.0,7,159.0,5.482758620689655,9.454705653803062,7,159.0,0.565334833117547,7,159.0
470.0,9,128.0,4.923076923076923,4.305784813556097,9,128.0,0.06583823395966609,9,128.0
475.0,14,161.0,8.05,2.871826863788244,14,165.0,0.02569939425410415,14,165.0
480.0,14,231.0,12.157894736842104,3.4535848705038243,14,231.0,5.538622852186056e-07,14,231.0
485.0,12,219.0,7.3,6.563813451773975,12,219.0,0.4419733298159129,12,219.0
490.0,6,113.0,4.346153846153846,6.870151312713907,6,163.0,0.4597059651438025,6,163.0
495.0,11,151.0,5.8076923076923075,5.830365273484324,11,151.0,0.10236810006277448,11,151.0
500.0,14,162.0,7.043478260869565,4.078220474615706,14,162.0,0.0001298820312357188,14,162.0
505.0,12,209.0,8.038461538461538,6.872573001796373,12,209.0,0.4,12,209.0
510.0,12,269.0,9.607142857142858,7.376333068033236,12,269.0,0.46747847613993304,12,269.0
515.0,11,242.0,9.307692307692308,4.73515547180367,11,242.0,0.3202836171779994,11,242.0
520.0,11,110.0,4.583333333333333,2.8042820434920643,11,206.0,0.09638852944333683,11,206.0
525.0,12,170.0,7.083333333333333,5.6990182132474585,12,173.0,0.07580099243020108,12,173.0
530.0,12,163.0,4.9393939393939394,7.236411952529791,12,166.0,0.4434552555696254,12,166.0
535.0,10,188.0,6.482758620689655,7.83338033467955,10,191.0,0.494662999809882,10,191.0
540.0,11,239.0,9.192307692307692,4.57821409677885,11,242.0,0.16749576650574896,11,242.0
545.0,18,227.0,8.73076923076923,2.984471178795045,18,230.0,0.00040946248509548416,18,230.0
550.0,10,154.0,7.0,4.368379095286867,10,211.0,0.09043544965487582,10,211.0
555.0,10,204.0,6.375,8.534104852644516,10,207.0,0.48768370581869486,10,207.0
560.0,8,169.0,5.827586206896552,8.646970897140509,8,172.0,0.5626864444452712,8,172.0
565.0,6,165.0,6.875,4.3941561953708,6,168.0,0.1673824624979202,6,168.0
570.0,16,233.0,10.590909090909092,3.1571457893090913,16,236.0,8.284961155955136e-05,16,236.0
575.0,14,220.0,11.0,2.4284689007418003,14,220.0,0.0,14,220.0
580.0,6,84.0,3.0,7.926197160236,6,194.0,0.5325867283379423,6,194.0
585.0,6,114.0,4.071428571428571,9.88452109724735,6,114.0,0.5990833509725902,6,114.0
590.0,8,100.0,4.0,3.8772336861006536,8,100.0,0.02376817481680221,8,100.0
595.0,14,164.0,7.454545454545454,3.985462864073638,14,164.0,4.241500595503124e-05,14,164.0
600.0,14,234.0,13.0,2.899757365776365,14,234.0,0.0,14,234.0
605.0,12,224.0,8.0,6.600357933527145,12,224.0,0.463958199920782,12,224.0
610.0,6,118.0,4.538461538461538,6.512538225949545,6,167.0,0.42253340218548496,6,167.0
615.0,13,161.0,6.1923076923076925,5.639099114393068,13,161.0,0.06933859404879393,13,161.0
620.0,14,173.0,7.521739130434782,4.330298175988375,14,173.0,0.0003475758354392405,14,173.0
625.0,12,219.0,8.423076923076923,6.958433038953061,12,219.0,0.4,12,219.0
630.0,12,279.0,9.964285714285714,7.277135608840927,12,279.0,0.47194007313879927,12,279.0
635.0,10,247.0,9.5,4.426122043664171,10,247.0,0.29794968616811335,10,247.0
640.0,10,108.0,4.5,3.0397447382760174,10,159.0,0.061772393056722524,10,159.0
645.0,12,167.0,6.958333333333333,6.132170695924749,12,169.0,0.1057794519200029,12,169.0
650.0,12,158.0,4.9375,7.0316040053846764,12,160.0,0.42018173592393065,12,160.0
655.0,10,182.0,6.5,7.774044305126714,10,184.0,0.4936524262283349,10,184.0
660.0,10,232.0,8.923076923076923,4.904461580803738,10,234.0,0.1847817131040998,10,234.0
665.0,17,212.0,8.833333333333334,2.3814925141108616,17,214.0,0.0012587211889550165,17,214.0
670.0,10,149.0,7.095238095238095,3.856711897445714,10,195.0,0.0948026517698924,10,195.0
675.0,10,199.0,6.21875,8.528189035761628,10,201.0,0.49498505346541016,10,201.0
680.0,8,166.0,5.533333333333333,8.566854077589012,8,168.0,0.548350535715637,8,168.0
685.0,8,162.0,6.230769230769231,4.938344101044555,8,164.0,0.16673918768236265,8,164.0
690.0,15,230.0,10.454545454545455,3.372504798704715,15,232.0,0.0006960954682274235,15,232.0
695.0,14,217.0,10.333333333333334,2.999809387278288,14,217.0,7.74758416906112e-07,14,217.0
700.0,6,79.0,2.8214285714285716,7.409055125423011,6,162.0,0.5200919073623923,6,162.0
705.0,6,109.0,3.892857142857143,9.518539197991688,6,109.0,0.5856423959350691,6,109.0
710.0,8,97.0,3.730769230769231,4.859510581548613,8,97.0,0.1242057529219376,8,97.0
715.0,12,145.0,7.25,3.7613402736552475,12,145.0,0.07891536805940982,12,145.0
720.0,14,208.0,11.555555555555555,2.828294041801055,14,208.0,0.0004670567174389406,14,208.0
725.0,12,201.0,7.178571428571429,6.648567573881935,12,201.0,0.4567249341683006,12,201.0
730.0,6,97.0,3.730769230769231,6.831555073676346,6,146.0,0.44702995006403884,6,146.0
735.0,12,138.0,5.3076923076923075,5.595073325560056,12,138.0,0.0760906726580281,12,138.0
740.0,14,154.0,6.695652173913044,4.027386458322395,14,154.0,5.958661556198496e-05,14,154.0
745.0,12,201.0,7.730769230769231,6.861577622537298,12,201.0,0.4000004369613476,12,201.0
750.0,12,261.0,9.321428571428571,7.283502141687123,12,261.0,0.4581258566772679,12,261.0
755.0,10,240.0,9.23076923076923,4.623560833416208,10,240.0,0.29776310380224,10,240.0
760.0,11,111.0,4.625,2.4811203815850793,11,208.0,0.08704935939749367,11,208.0
765.0,12,171.0,7.125,5.454159861480235,12,173.0,0.0714212139342435,12,173.0
770.0,12,163.0,4.794117647058823,7.319989641368222,12,165.0,0.44609424607142306,12,165.0
775.0,10,191.0,6.366666666666666,8.218361357000072,10,193.0,0.5137091384790654,10,193.0
780.0,10,241.0,9.26923076923077,4.527068032424247,10,243.0,0.14206082996486774,10,243.0
785.0,18,229.0,9.541666666666666,2.37317731627445,18,231.0,0.00035797510406277805,18,231.0
790.0,10,155.0,7.380952380952381,3.74255292173377,10,237.0,0.10768019405743802,10,237.0
795.0,10,205.0,6.40625,8.372282653341296,10,207.0,0.47753182793920423,10,207.0
800.0,8,170.0,5.666666666666667,8.55293462894256,8,172.0,0.5497238544750556,8,172.0
805.0,6,161.0,6.708333333333333,4.940677931800586,6,163.0,0.21395553349034746,6,163.0
810.0,16,224.0,10.181818181818182,3.7962290615239227,16,226.0,0.0001874089810521954,16,226.0
815.0,14,211.0,11.105263157894736,2.235950611411494,14,211.0,1.0341241193888477e-06,14,211.0
820.0,6,80.0,2.857142857142857,7.774797577181813,6,156.0,0.5251628966151229,6,156.0
825.0,6,110.0,3.9285714285714284,10.015132922428435,6,110.0,0.6029846371984305,6,110.0
830.0,6,97.0,3.730769230769231,4.3291436194229735,6,97.0,0.028024126563695344,6,97.0
835.0,14,160.0,7.619047619047619,3.709908534782746,14,160.0,5.298106390496918e-05,14,160.0
840.0,14,230.0,12.777777777777779,2.548691159350959,14,230.0,5.318213785475024e-07,14,230.0
845.0,12,221.0,7.620689655172414,6.598748243029603,12,221.0,0.4585737361120317,12,221.0
850.0,6,118.0,4.538461538461538,6.829791064370836,6,182.0,0.44573510326001975,6,182.0
855.0,12,158.0,6.076923076923077,5.588478416117959,12,158.0,0.07345604564369435,12,158.0
860.0,14,171.0,7.125,4.741249001597301,14,171.0,5.270727374809713e-06,14,171.0
865.0,12,218.0,8.384615384615385,6.807291661344853,12,218.0,0.4000003440576614,12,218.0
870.0,12,278.0,9.928571428571429,7.429307846540448,12,278.0,0.46732310397713167,12,278.0
875.0,10,249.0,9.576923076923077,3.966275665150302,10,249.0,0.25630425773870896,10,249.0
880.0,11,115.0,4.791666666666667,2.513161086688228,11,211.0,0.08369029891109522,11,211.0
885.0,12,175.0,7.291666666666667,6.010910865863344,12,178.0,0.11439740713045561,12,178.0
890.0,12,164.0,4.96969696969697,7.198124227820604,12,166.0,0.4456532604851336,12,166.0
895.0,10,188.0,6.714285714285714,7.597288067722499,10,190.0,0.5051907685408478,10,190.0
900.0,10,238.0,9.153846153846153,4.941719886016049,10,240.0,0.18290084951337932,10,240.0
905.0,17,222.0,9.25,2.3712143373222383,17,224.0,0.0034684354726038694,17,224.0
910.0,10,152.0,6.909090909090909,4.02616997178995,10,231.0,0.10392869309055927,10,231.0
915.0,10,202.0,6.3125,8.628071867368465,10,204.0,0.4790027549268965,10,204.0
920.0,8,166.0,5.724137931034483,8.491151845131084,8,168.0,0.5430377922377653,8,168.0
925.0,9,163.0,6.269230769230769,5.22513655481037,9,165.0,0.1859822016461995,9,165.0
930.0,15,231.0,10.5,3.496117697780316,15,233.0,0.0007189205130751556,15,233.0
935.0,14,219.0,10.95,2.687431789874277,14,219.0,0.0,14,219.0
940.0,6,78.0,2.7857142857142856,7.815127140254327,6,197.0,0.5286885656937318,6,197.0
945.0,6,108.0,3.857142857142857,9.900257450479353,6,108.0,0.630348631582105,6,108.0
950.0,9,97.0,3.730769230769231,4.472231124608175,9,97.0,0.05313289528283898,9,97.0
955.0,14,159.0,7.571428571428571,3.8585876948504447,14,159.0,0.0003519492057903947,14,159.0
960.0,14,229.0,12.722222222222221,3.029798340138258,14,229.0,7.072605265587812e-07,14,229.0
965.0,12,222.0,7.928571428571429,6.318448688747698,12,222.0,0.44119182158464426,12,222.0
970.0,6,118.0,4.538461538461538,6.424870080980264,6,186.0,0.44405306870963823,6,186.0
975.0,11,160.0,6.153846153846154,5.5401901314266855,11,160.0,0.09779788802722766,11,160.0
980.0,14,168.0,6.72,4.65789712763466,14,168.0,0.0007491092735743885,14,168.0
985.0,12,211.0,7.814814814814815,7.175456380372595,12,211.0,0.4000003234669774,12,211.0
990.0,12,271.0,9.678571428571429,7.578363494615297,12,271.0,0.45058885425565287,12,271.0
995.0,10,240.0,9.6,4.221057976592559,10,240.0,0.28641999805844803,10,240.0
1000.0,11,109.0,4.541666666666667,2.597323608681425,11,200.0,0.08207698624258698,11,200.0
1005.0,12,169.0,7.041666666666667,5.617729440356449,12,171.0,0.06816578201760588,12,171.0
1010.0,11,159.0,4.676470588235294,7.927355659422507,11,161.0,0.4701525423484543,11,161.0
1015.0,10,183.0,6.535714285714286,8.142664464951496,10,185.0,0.5084194928614774,10,185.0
1020.0,11,234.0,9.0,4.169135491956832,11,236.0,0.11655983703455368,11,236.0
1025.0,18,229.0,9.541666666666666,2.3232492396668145,18,231.0,0.00020021472635773274,18,231.0
1030.0,10,156.0,7.090909090909091,3.8864352289821396,10,213.0,0.07926396914283305,10,213.0
1035.0,10,206.0,6.4375,8.301209778344393,10,208.0,0.45486112347844193,10,208.0
1040.0,8,173.0,5.766666666666667,8.887568608338675,8,175.0,0.5495162629184305,8,175.0
1045.0,8,166.0,6.916666666666667,4.5373925085817,8,168.0,0.15284639700007152,8,168.0
1050.0,16,238.0,10.818181818181818,3.6010733024756054,16,240.0,8.581479941592038e-05,16,240.0
1055.0,14,226.0,11.3,2.9919416298935,14,226.0,1.1492997325057022e-06,14,226.0
1060.0,6,83.0,2.9642857142857144,7.765839930116003,6,200.0,0.5360846745276885,6,200.0
1065.0,6,113.0,4.035714285714286,10.073152547902989,6,113.0,0.6085191451737542,6,113.0
1070.0,7,98.0,3.92,4.364694479783053,7,98.0,0.050889266900892634,7,98.0
1075.0,14,165.0,8.25,3.4466713251480465,14,165.0,6.102416033636651e-06,14,165.0
1080.0,14,235.0,13.055555555555555,2.925334680749261,14,235.0,0.0,14,235.0
1085.0,12,227.0,8.107142857142858,6.233911718583507,12,227.0,0.45083915688976,12,227.0
1090.0,6,120.0,4.615384615384615,7.074368596074342,6,187.0,0.4783656310161435,6,187.0
1095.0,12,162.0,6.230769230769231,5.6730327490166115,12,162.0,0.09792212734839051,12,162.0
1100.0,13,173.0,7.863636363636363,3.8299324722769317,13,173.0,0.001216080364448638,13,173.0
1105.0,12,219.0,8.423076923076923,6.572562053239328,12,219.0,0.40000203874587237,12,219.0
1110.0,12,279.0,9.964285714285714,7.0706415641610265,12,279.0,0.46449489182317844,12,279.0
1115.0,10,248.0,9.538461538461538,4.697586115034325,10,248.0,0.32422093563518567,10,248.0
1120.0,10,104.0,4.333333333333333,2.9013109906025214,10,201.0,0.09931298372690714,10,201.0
1125.0,12,163.0,6.791666666666667,5.792873688158807,12,165.0,0.0817864842161279,12,165.0
1130.0,11,152.0,4.470588235294118,7.804919189611661,11,154.0,0.45607690776208293,11,154.0
1135.0,10,178.0,6.137931034482759,8.164200781292108,10,180.0,0.5082448846694366,10,180.0
1140.0,10,228.0,8.76923076923077,4.28505033452204,10,230.0,0.1249152693330382,10,230.0
1145.0,18,221.0,8.84,2.728599391985522,18,223.0,0.0001831971394816441,18,223.0
1150.0,10,150.0,7.5,3.587350738807456,10,203.0,0.10205565381584622,10,203.0
1155.0,10,200.0,6.25,8.281765372379706,10,202.0,0.46285293916261877,10,202.0
1160.0,8,170.0,5.666666666666667,8.66235748132283,8,172.0,0.5475963060314519,8,172.0
1165.0,7,164.0,6.833333333333333,4.189527605044627,7,166.0,0.14975839412572786,7,166.0
1170.0,16,231.0,10.5,3.179967769124872,16,233.0,0.00018136821634739183,16,233.0
1175.0,14,220.0,10.476190476190476,3.0339799149114333,14,220.0,0.0,14,220.0
1180.0,6,80.0,2.857142857142857,7.985656668727599,6,194.0,0.5269032318253525,6,194.0
1185.0,6,110.0,3.9285714285714284,10.241480969453635,6,110.0,0.6067258507158564,6,110.0
1190.0,10,99.0,3.96,4.258353264184706,10,99.0,0.033399868082240505,10,99.0
1195.0,14,162.0,8.1,3.303156913533453,14,162.0,3.019331345542913e-05,14,162.0
1200.0,14,232.0,12.88888888888889,2.8923082638782645,14,232.0,0.0,14,232.0
1205.0,12,225.0,8.035714285714286,6.814221948764863,12,225.0,0.4674983530948298,12,225.0
1210.0,6,120.0,4.615384615384615,6.62908505993253,6,170.0,0.4084833456822173,6,170.0
1215.0,13,166.0,6.384615384615385,5.679899020913309,13,166.0,0.08672131892462151,13,166.0
1220.0,14,176.0,8.0,3.7565643103038586,14,176.0,2.098400761157863e-05,14,176.0
1225.0,12,224.0,8.615384615384615,6.861918535251349,12,224.0,0.4,12,224.0
1230.0,12,284.0,10.142857142857142,7.360535041365942,12,284.0,0.46093105419373365,12,284.0
1235.0,10,253.0,9.73076923076923,4.785404173254218,10,253.0,0.31184182596692467,10,253.0
1240.0,11,113.0,4.708333333333333,2.99901623594867,11,187.0,0.0736968408793556,11,187.0
1245.0,12,173.0,7.208333333333333,6.4132812636363825,12,174.0,0.09261497255083946,12,174.0
1250.0,12,162.0,4.909090909090909,7.847075881296376,12,163.0,0.4725325390332291,12,163.0
1255.0,10,187.0,6.678571428571429,8.1257321238491,10,188.0,0.5158800455612677,10,188.0
1260.0,12,239.0,9.192307692307692,4.536091508234607,12,240.0,0.13026492226738817,12,240.0
1265.0,18,233.0,9.708333333333334,2.4007723661693294,18,234.0,0.0002740519826522532,18,234.0
1270.0,10,158.0,7.181818181818182,4.224301776721365,10,241.0,0.10383654798658364,10,241.0
1275.0,10,208.0,6.5,8.674626666743588,10,209.0,0.4949708914378494,10,209.0
1280.0,8,176.0,5.866666666666666,8.864256875081859,8,177.0,0.5637613955017754,8,177.0
1285.0,8,170.0,7.083333333333333,4.6613199221841155,8,171.0,0.21807996980464286,8,171.0
1290.0,16,236.0,10.727272727272727,3.563034286212384,16,237.0,0.00033618501300112667,16,237.0
1295.0,14,222.0,10.571428571428571,3.0362566002821083,14,222.0,0.0,14,222.0
1300.0,6,78.0,2.7857142857142856,8.223607625925585,6,194.0,0.5332383892614961,6,194.0
1305.0,6,108.0,3.857142857142857,10.092977966599461,6,108.0,0.5896222253215978,6,108.0
1310.0,8,96.0,3.84,3.9433469277445017,8,96.0,0.024290402939057317,8,96.0
1315.0,14,160.0,8.0,3.154799719622054,14,160.0,1.948270279269545e-05,14,160.0
1320.0,14,230.0,12.777777777777779,2.5653271981861185,14,230.0,7.618303974926599e-07,14,230.0
1325.0,12,222.0,7.655172413793103,6.330318323761709,12,222.0,0.4584083113683662,12,222.0
1330.0,6,119.0,4.576923076923077,7.114635634156988,6,184.0,0.5003433898101743,6,184.0
1335.0,10,154.0,5.923076923076923,5.638166264428504,10,154.0,0.09583325247410887,10,154.0
1340.0,14,169.0,7.3478260869565215,4.16377365353891,14,169.0,0.00017215535051378538,14,169.0
1345.0,12,218.0,8.384615384615385,7.05063474862738,12,218.0,0.4,12,218.0
1350.0,12,278.0,9.928571428571429,7.141651026628947,12,278.0,0.4567003515915185,12,278.0
1355.0,10,247.0,9.5,4.247687977119568,10,247.0,0.2749986648064285,10,247.0
1360.0,12,115.0,4.791666666666667,2.715950128144027,12,190.0,0.06815159600188396,12,190.0
1365.0,12,175.0,7.291666666666667,6.014995082906332,12,178.0,0.07721592858859065,12,178.0
1370.0,11,166.0,5.03030303030303,7.27381578777872,11,169.0,0.4468462000534498,11,169.0
1375.0,10,188.0,6.266666666666667,8.267113301064025,10,191.0,0.5070403611396592,10,191.0
1380.0,10,238.0,9.153846153846153,4.274754039109432,10,241.0,0.1543794593398178,10,241.0
1385.0,18,228.0,9.5,2.3922753172170266,18,231.0,0.0003258702566088579,18,231.0
1390.0,10,156.0,7.428571428571429,3.837920019770196,10,208.0,0.10378447379076228,10,208.0
1395.0,10,206.0,6.4375,8.144888803836885,10,209.0,0.45913477099109573,10,209.0
1400.0,8,173.0,5.766666666666667,8.486618320294777,8,176.0,0.5555179061635039,8,176.0
1405.0,6,166.0,6.916666666666667,4.865857219488587,6,169.0,0.20190227155882953,6,169.0
1410.0,16,223.0,10.136363636363637,3.575212439902036,16,226.0,0.0008031024483527875,16,226.0
1415.0,14,212.0,10.6,2.766571007257124,14,212.0,0.0,14,212.0
1420.0,6,76.0,2.7142857142857144,7.684174654576414,6,117.0,0.5279278984861825,6,117.0
1425.0,6,106.0,3.7857142857142856,9.826521851611833,6,106.0,0.5915908903279838,6,106.0
1430.0,8,96.0,4.0,4.155294040901075,8,96.0,0.1098671031809445,8,96.0
1435.0,14,154.0,7.333333333333333,3.6526530002427315,14,154.0,0.00042874846671335623,14,154.0
1440.0,14,224.0,12.444444444444445,2.910398036773877,14,224.0,0.0,14,224.0
1445.0,12,216.0,7.714285714285714,6.1979967746660325,12,216.0,0.4390194553742311,12,216.0
1450.0,6,111.0,4.269230769230769,7.086742526224674,6,180.0,0.47859231908865413,6,180.0
1455.0,12,151.0,5.8076923076923075,5.513792321398205,12,151.0,0.13445391627694198,12,151.0
1460.0,14,166.0,6.916666666666667,4.306814660866887,14,166.0,0.0003972270505749635,14,166.0
1465.0,12,211.0,8.115384615384615,6.7964758443050775,12,211.0,0.4,12,211.0
1470.0,12,271.0,9.344827586206897,7.457524709597874,12,271.0,0.45757468755414465,12,271.0
1475.0,10,242.0,8.962962962962964,4.252669926005796,10,242.0,0.24415054426880822,10,242.0
1480.0,12,116.0,4.833333333333333,2.9304819590987936,12,188.0,0.07844215073137599,12,188.0
1485.0,12,176.0,7.333333333333333,6.0532576354708665,12,178.0,0.08614796869027666,12,178.0
1490.0,12,170.0,5.151515151515151,7.719405144977692,12,172.0,0.46450987968629226,12,172.0
1495.0,10,194.0,6.928571428571429,7.853561154755298,10,196.0,0.5041136791542035,10,196.0
1500.0,11,245.0,9.423076923076923,4.53237289731696,11,247.0,0.18613749944068397,11,247.0
1505.0,19,234.0,9.75,1.9175498621597358,19,236.0,0.0004648842912606088,19,236.0
1510.0,11,161.0,7.666666666666667,3.235698455717864,11,218.0,0.08310204343827751,11,218.0
1515.0,11,216.0,6.545454545454546,8.196392390974655,11,218.0,0.44530282284374284,11,218.0
1520.0,9,186.0,6.2,8.25596985999897,9,188.0,0.5181789523168773,9,188.0
1525.0,9,188.0,7.52,4.22698800832199,9,190.0,0.16556416616358327,9,190.0
1530.0,17,261.0,11.347826086956522,3.461382437890881,17,263.0,0.0002954884431790051,17,263.0
1535.0,15,251.0,11.952380952380953,2.540424670849263,15,251.0,0.0,15,251.0
1540.0,7,116.0,4.0,7.83667286544895,7,231.0,0.5163739528246479,7,231.0
1545.0,7,151.0,5.206896551724138,9.303946866464962,7,151.0,0.5268633337355234,7,151.0
1550.0,11,127.0,4.884615384615385,4.189922870555138,11,127.0,0.04468806416813519,11,127.0
1555.0,14,162.0,7.714285714285714,3.5770992256149454,14,164.0,0.0279915069079374,14,164.0
1560.0,14,232.0,12.210526315789474,3.088291190527367,14,232.0,0.0,14,232.0
1565.0,12,223.0,7.193548387096774,7.169483778194853,12,223.0,0.46988261565856515,12,223.0
1570.0,6,117.0,4.5,6.2595259805315635,6,185.0,0.4052021722895914,6,185.0
1575.0,12,163.0,6.269230769230769,5.700751606314703,12,163.0,0.08882036013558985,12,163.0
1580.0,14,173.0,7.521739130434782,4.121339881859845,14,173.0,0.00025700575846516826,14,173.0
1585.0,12,216.0,8.0,6.922304409149571,12,216.0,0.4,12,216.0
1590.0,12,276.0,9.857142857142858,7.421702922550403,12,276.0,0.45242908916564745,12,276.0
1595.0,10,246.0,9.84,4.127415877024435,10,246.0,0.29050505244011365,10,246.0
1600.0,10,112.0,4.666666666666667,2.6542860558451378,10,211.0,0.08716608908404215,10,211.0
1605.0,12,172.0,7.166666666666667,6.247303221574353,12,175.0,0.07906066606275451,12,175.0
1610.0,12,164.0,4.823529411764706,7.675448194769929,12,167.0,0.4718915274045472,12,167.0
1615.0,10,188.0,6.714285714285714,7.63529574163218,10,191.0,0.513526959240243,10,191.0
1620.0,10,238.0,9.153846153846153,4.882047876575256,10,241.0,0.23162813576148866,10,241.0
1625.0,19,225.0,9.375,1.8619850823216975,19,228.0,0.0005590414797667061,19,228.0
1630.0,11,163.0,7.409090909090909,3.7905307282183687,11,189.0,0.06723817052847364,11,189.0
1635.0,11,218.0,6.606060606060606,8.134099768140777,11,221.0,0.4517372230746307,11,221.0
1640.0,9,186.0,5.8125,8.27200071597547,9,189.0,0.5201208515829641,9,189.0
1645.0,8,184.0,7.076923076923077,4.723476910856212,8,187.0,0.17547651260473002,8,187.0
1650.0,17,259.0,11.26086956521739,3.483101577486697,17,262.0,0.0003154044708890397,17,262.0
1655.0,15,250.0,11.904761904761905,2.655882514056531,15,250.0,4.913057581351046e-07,15,250.0
1660.0,7,117.0,4.0344827586206895,7.297237739617992,7,231.0,0.4925145394474708,7,231.0
1665.0,7,152.0,5.241379310344827,9.676278702145495,7,152.0,0.5747851717450496,7,152.0
1670.0,9,121.0,4.653846153846154,4.044388214359997,9,121.0,0.04454243019237095,9,121.0
1675.0,14,156.0,7.428571428571429,3.7228474022683793,14,156.0,0.03980553229926211,14,156.0
1680.0,14,226.0,11.894736842105264,3.3831582416385446,14,226.0,0.0,14,226.0
1685.0,12,219.0,7.551724137931035,6.879002902147722,12,219.0,0.4678970366850816,12,219.0
1690.0,6,120.0,4.615384615384615,6.9377614465660855,6,181.0,0.45411256659193106,6,181.0
1695.0,14,172.0,6.615384615384615,5.239750692365006,14,172.0,0.07680772695798625,14,172.0
1700.0,13,183.0,7.625,4.371697265938136,13,183.0,0.0008195418691603974,13,183.0
1705.0,12,228.0,8.444444444444445,7.066181144815675,12,228.0,0.40000035645620285,12,228.0
1710.0,12,288.0,10.285714285714286,7.390078259126232,12,288.0,0.4613014732481704,12,288.0
1715.0,11,257.0,9.884615384615385,4.3551835370385374,11,257.0,0.273669712913716,11,257.0
1720.0,10,114.0,4.75,2.599729372940518,10,225.0,0.08094569638796228,10,225.0
1725.0,12,173.0,7.208333333333333,6.25994397924418,12,178.0,0.08837891628615589,12,178.0
1730.0,12,163.0,4.794117647058823,7.896946489361831,12,168.0,0.45586215811049086,12,168.0
1735.0,10,188.0,6.482758620689655,8.388880812466079,10,193.0,0.5138750267274054,10,193.0
1740.0,11,239.0,9.192307692307692,4.065899161907522,11,244.0,0.10065333007802202,11,244.0
1745.0,18,232.0,9.666666666666666,2.291770908957357,18,237.0,0.00018526225013388426,18,237.0
1750.0,10,159.0,7.2272727272727275,4.195478991727013,10,243.0,0.11087638830501939,10,243.0
1755.0,10,209.0,6.53125,8.518529879658509,10,214.0,0.472527709988581,10,214.0
1760.0,8,172.0,5.733333333333333,8.8159289757737,8,177.0,0.5536509838189818,8,177.0
1765.0,9,170.0,6.8,4.907033171706693,9,175.0,0.1716393270216832,9,175.0
1770.0,16,243.0,11.045454545454545,3.4659662249516687,16,248.0,6.193677941068181e-05,16,248.0
1775.0,14,229.0,11.45,2.69371675049705,14,229.0,8.255671147930082e-07,14,229.0
1780.0,6,86.0,2.9655172413793105,7.694949221250451,6,137.0,0.5149784641760705,6,137.0
1785.0,6,116.0,4.142857142857143,9.862896181973822,6,116.0,0.5982609423889705,6,116.0
1790.0,5,99.0,4.125,4.274733375066347,5,99.0,0.11554624532012422,5,99.0
1795.0,14,155.0,7.75,3.419097263795962,14,155.0,0.00032214388387300733,14,155.0
1800.0,14,225.0,12.5,2.895240946842481,14,225.0,1.907934375026908e-06,14,225.0
1805.0,12,214.0,7.642857142857143,6.375866743744447,12,214.0,0.45061550837537473,12,214.0
1810.0,6,111.0,4.269230769230769,6.890965161535675,6,175.0,0.44397095512468426,6,175.0
1815.0,11,152.0,5.846153846153846,5.848173138791858,11,152.0,0.0814691516940334,11,152.0
1820.0,14,163.0,7.409090909090909,3.873806085264897,14,163.0,0.00039578274997600406,14,163.0
1825.0,12,207.0,7.961538461538462,6.388156640868884,12,207.0,0.4,12,207.0
1830.0,12,267.0,9.535714285714286,6.7186105277263986,12,267.0,0.4361985869655993,12,267.0
1835.0,10,240.0,9.23076923076923,5.433641310422469,10,240.0,0.38638240343658764,10,240.0
1840.0,9,102.0,4.25,3.027374893780254,9,170.0,0.09190105238270473,9,170.0
1845.0,12,161.0,6.708333333333333,5.788861012669352,12,161.0,0.08090372596979348,12,161.0
1850.0,12,153.0,4.5,7.1848438968619845,12,153.0,0.43183582968438206,12,153.0
1855.0,10,179.0,6.172413793103448,7.777773596077316,10,179.0,0.4923341247773259,10,179.0
1860.0,11,230.0,8.518518518518519,4.684505243409591,11,230.0,0.19951584025672217,11,230.0
1865.0,17,218.0,8.72,2.083961834641471,17,218.0,0.0020605164986177496,17,218.0
1870.0,11,154.0,7.0,3.411998380602577,11,230.0,0.09327367287048653,11,230.0
1875.0,11,209.0,6.333333333333333,8.048768110083758,11,209.0,0.4573758271531912,11,209.0
1880.0,9,183.0,5.903225806451613,8.392491996290795,9,183.0,0.5221874700339839,9,183.0
1885.0,9,180.0,7.2,4.48678534111147,9,180.0,0.1976197844752977,9,180.0
1890.0,17,248.0,10.782608695652174,3.070235826045473,17,248.0,0.000728031813608367,17,248.0
1895.0,15,240.0,10.909090909090908,2.7310492017784194,15,240.0,9.45838027521104e-07,15,240.0
1900.0,7,111.0,3.7,7.712974510792212,7,223.0,0.5197680623147487,7,223.0
1905.0,7,146.0,5.0344827586206895,9.72966418781588,7,146.0,0.592598883366734,7,146.0
1910.0,10,121.0,4.481481481481482,4.356969942102978,10,121.0,0.03137444573496563,10,121.0
1915.0,14,163.0,7.761904761904762,3.7386898950555314,14,163.0,5.4721665561013866e-06,14,163.0
1920.0,14,233.0,12.263157894736842,2.992548992410674,14,233.0,0.0,14,233.0
1925.0,12,227.0,7.566666666666666,7.044786021822357,12,227.0,0.47493446045781357,12,227.0
1930.0,6,123.0,4.730769230769231,5.947720154537143,6,191.0,0.3851499156569034,6,191.0
1935.0,13,166.0,6.384615384615385,5.366471785361042,13,166.0,0.07170016475615582,13,166.0
1940.0,13,175.0,7.0,4.917294006134328,13,175.0,0.0007873958803232402,13,175.0
1945.0,12,221.0,8.5,6.936626380809026,12,221.0,0.40000052177453577,12,221.0
1950.0,12,281.0,10.035714285714286,7.646031012735968,12,281.0,0.453979389158704,12,281.0
1955.0,10,249.0,9.96,3.800211420735434,10,249.0,0.25745922565129736,10,249.0
1960.0,11,110.0,4.583333333333333,2.98092377035651,11,210.0,0.08868678213055328,11,210.0
1965.0,12,169.0,7.041666666666667,5.931662118791981,12,172.0,0.07552415524291714,12,172.0
1970.0,11,157.0,4.617647058823529,7.93041175670956,11,160.0,0.46378276977324845,11,160.0
1975.0,10,181.0,6.464285714285714,8.058774412797082,10,184.0,0.5055189902997733,10,184.0
1980.0,11,232.0,8.923076923076923,4.416575873443787,11,235.0,0.16306495660678377,11,235.0
1985.0,18,225.0,9.375,2.494543655240375,18,228.0,0.0003327941460565021,18,228.0
1990.0,10,152.0,7.238095238095238,3.6101779864499277,10,235.0,0.10233675363243352,10,235.0
1995.0,10,202.0,6.3125,8.681625237263496,10,205.0,0.47850658960722414,10,205.0
2000.0,8,168.0,5.793103448275862,8.707205878734419,8,171.0,0.550124773362373,8,171.0
2005.0,7,162.0,6.75,4.1293037350996755,7,165.0,0.1468584375276449,7,165.0
2010.0,16,232.0,10.545454545454545,3.463761500933679,16,235.0,0.0002047208510658831,16,235.0
2015.0,14,222.0,11.1,2.7322278006149214,14,222.0,0.0,14,222.0
2020.0,6,84.0,3.0,7.4781225842658925,6,197.0,0.5147860313129423,6,197.0
2025.0,6,114.0,4.071428571428571,9.871987110207737,6,127.0,0.6009191331679345,6,127.0
2030.0,7,104.0,4.16,4.5449416779912575,7,104.0,0.07422224534675476,7,104.0
2035.0,14,161.0,7.666666666666667,3.847155793239148,14,161.0,7.795766326226512e-05,14,161.0
2040.0,14,231.0,12.833333333333334,2.7015596729017677,14,231.0,0.0,14,231.0
2045.0,12,221.0,7.620689655172414,6.856737951801886,12,221.0,0.4578001946361416,12,221.0
2050.0,6,110.0,4.230769230769231,6.512078573423898,6,181.0,0.4103010194945293,6,181.0
2055.0,14,154.0,5.923076923076923,5.7344934538097005,14,154.0,0.07054956518666236,14,154.0
2060.0,14,170.0,7.391304347826087,4.343371480547781,14,170.0,4.177129709139295e-05,14,170.0
2065.0,12,216.0,8.307692307692308,6.881635753855695,12,216.0,0.4,12,216.0
2070.0,12,276.0,9.857142857142858,7.170808499049021,12,276.0,0.4572912323137228,12,276.0
2075.0,11,249.0,9.222222222222221,4.785428110132647,11,249.0,0.2978618998260763,11,249.0
2080.0,11,113.0,4.708333333333333,2.7106392816129152,11,213.0,0.08421002393990758,11,213.0
2085.0,12,173.0,7.208333333333333,5.792075966228453,12,175.0,0.1179665574865151,12,175.0
2090.0,11,162.0,4.909090909090909,7.271234505930698,11,164.0,0.46054921888124856,11,164.0
2095.0,10,186.0,6.413793103448276,7.725639280425332,10,188.0,0.5116375927004638,10,188.0
2100.0,11,237.0,9.115384615384615,4.7585807856428195,11,239.0,0.2536176190352899,11,239.0
2105.0,19,231.0,9.625,1.709977263410985,19,233.0,0.0001612023487723235,19,233.0
2110.0,11,165.0,7.5,3.4147797414142045,11,244.0,0.09195562038560279,11,244.0
2115.0,11,220.0,6.666666666666667,8.24053216513359,11,222.0,0.4516060879944677,11,222.0
2120.0,9,191.0,6.161290322580645,8.378870570485473,9,193.0,0.5114811334294173,9,193.0
2125.0,8,190.0,7.3076923076923075,4.993362245409805,8,192.0,0.2018000589237064,8,192.0
2130.0,17,257.0,11.173913043478262,3.4702762136077374,17,259.0,6.906813009665168e-05,17,259.0
2135.0,15,251.0,11.952380952380953,2.724501504539644,15,251.0,1.050220188671821e-06,15,251.0
2140.0,7,113.0,3.896551724137931,7.628011226575146,7,193.0,0.5061238759509897,7,193.0
2145.0,7,148.0,5.103448275862069,9.603923243835208,7,148.0,0.5614769238121105,7,148.0
2150.0,10,120.0,4.615384615384615,4.032257284456225,10,120.0,0.0424227562663734,10,120.0
2155.0,14,160.0,8.0,2.9806187021037753,14,160.0,6.380841092756798e-05,14,160.0
2160.0,14,230.0,12.105263157894736,3.0562090545192584,14,230.0,4.919444775652824e-07,14,230.0
2165.0,12,224.0,7.466666666666667,6.972746785044979,12,224.0,0.4698921093859827,12,224.0
2170.0,6,119.0,4.576923076923077,6.781873067900473,6,151.0,0.4292158638461716,6,151.0
2175.0,14,166.0,6.384615384615385,5.673315486955046,14,166.0,0.08750258597162551,14,166.0
2180.0,14,181.0,7.869565217391305,4.064320521314188,14,181.0,2.3354377641758556e-05,14,181.0
2185.0,12,227.0,8.73076923076923,6.768123271554578,12,227.0,0.4,12,227.0
2190.0,12,287.0,10.25,7.246431610291849,12,287.0,0.46944495334886366,12,287.0
2195.0,10,256.0,9.481481481481481,4.516001608600829,10,256.0,0.2772037796514954,10,256.0
2200.0,11,115.0,4.791666666666667,2.850862025089821,11,217.0,0.09786673283847133,11,217.0
2205.0,12,175.0,7.291666666666667,6.336895877121748,12,176.0,0.08828790677704672,12,176.0
2210.0,12,166.0,5.1875,6.714223725113809,12,167.0,0.4268475531181648,12,167.0
2215.0,10,190.0,6.551724137931035,7.464346389984531,10,191.0,0.49492809290884826,10,191.0
2220.0,10,240.0,9.23076923076923,5.6233986031881935,10,241.0,0.3069860448250092,10,241.0
2225.0,18,219.0,9.125,1.857863773969493,18,220.0,0.0023688617296251796,18,220.0
2230.0,11,157.0,7.136363636363637,3.444695032741848,11,232.0,0.10207585442789249,11,232.0
2235.0,11,212.0,6.424242424242424,8.120136014808498,11,216.0,0.4743272195035153,11,216.0
2240.0,9,182.0,5.870967741935484,8.148316058566643,9,183.0,0.5129309038097957,9,183.0
2245.0,10,186.0,6.888888888888889,4.8757643577175935,10,187.0,0.1727393594042625,10,187.0
2250.0,16,257.0,10.708333333333334,3.670704805962855,16,258.0,0.0075946037223800075,16,258.0
2255.0,15,247.0,11.761904761904763,2.419428952992295,15,247.0,1.7622977524006278e-05,15,247.0
2260.0,7,113.0,3.896551724137931,7.505688009924789,7,229.0,0.4910578261748802,7,229.0
2265.0,7,148.0,5.103448275862069,9.206706465596017,7,160.0,0.5374684091374727,7,160.0
2270.0,10,119.0,4.407407407407407,4.3664656507150665,10,119.0,0.04068107676259579,10,119.0
2275.0,14,154.0,7.333333333333333,3.520779791433629,14,156.0,0.029923796703713354,14,156.0
2280.0,14,224.0,11.789473684210526,3.2339307960120576,14,224.0,0.0,14,224.0
2285.0,12,218.0,7.266666666666667,6.814574375328667,12,218.0,0.4551616753978502,12,218.0
2290.0,6,114.0,4.384615384615385,6.413494461619215,6,166.0,0.40150205806717343,6,166.0
2295.0,11,155.0,5.961538461538462,5.752813014677585,11,155.0,0.1534395786955019,11,155.0
2300.0,14,167.0,6.958333333333333,4.666192393868513,14,167.0,0.00029356414559093255,14,167.0
2305.0,12,213.0,8.192307692307692,6.949436795613758,12,213.0,0.40000044658314116,12,213.0
2310.0,12,273.0,9.75,7.425165399528848,12,273.0,0.47131458522399666,12,273.0
2315.0,10,242.0,9.307692307692308,4.106653937600648,10,242.0,0.26184327751032427,10,242.0
2320.0,12,112.0,4.666666666666667,2.641297336272039,12,211.0,0.07924123154661575,12,211.0
2325.0,12,172.0,7.166666666666667,5.9085871751657635,12,178.0,0.11748164621075612,12,178.0
2330.0,12,167.0,4.911764705882353,7.512220238751869,12,171.0,0.4414561033806093,12,171.0
2335.0,10,193.0,6.655172413793103,7.972353788740833,10,197.0,0.4984490780198432,10,197.0
2340.0,10,243.0,9.346153846153847,4.270398783149985,10,247.0,0.15227418424009712,10,247.0
2345.0,16,225.0,9.0,2.484329450070992,16,229.0,0.0026051389440098142,16,229.0
2350.0,10,149.0,6.7727272727272725,4.3825174509862,10,205.0,0.10104667910413184,10,205.0
2355.0,10,199.0,6.21875,8.584673145217238,10,203.0,0.4809863712729258,10,203.0
2360.0,8,164.0,5.857142857142857,8.548329000099864,8,168.0,0.5757806765547479,8,168.0
2365.0,8,159.0,6.625,4.57363063159344,8,163.0,0.12250428988945526,8,163.0
2370.0,16,227.0,10.318181818181818,3.57338039597594,16,231.0,0.00011185186017707164,16,231.0
2375.0,14,214.0,11.263157894736842,2.108903103243484,14,214.0,0.0,14,214.0
2380.0,6,79.0,2.8214285714285716,7.713437134992083,6,192.0,0.5193683924972224,6,192.0
2385.0,6,109.0,3.892857142857143,9.783831694502695,6,109.0,0.5982791153784285,6,109.0
2390.0,10,100.0,3.7037037037037037,4.5738760584973175,10,100.0,0.04836050626943836,10,100.0
2395.0,14,162.0,8.1,3.2296397193122273,14,162.0,3.506797096674434e-05,14,162.0
2400.0,14,232.0,12.88888888888889,2.7165653171044752,14,232.0,0.0,14,232.0
2405.0,12,224.0,7.724137931034483,6.899746302054789,12,224.0,0.4687505380054568,12,224.0
2410.0,6,121.0,4.653846153846154,6.46216053649005,6,185.0,0.4303457002371766,6,185.0
2415.0,12,162.0,6.230769230769231,5.58030496992534,12,162.0,0.09675494804270622,12,162.0
2420.0,14,173.0,7.208333333333333,4.623606360476999,14,173.0,0.00013607256587501603,14,173.0
2425.0,12,221.0,8.185185185185185,6.622577668724956,12,221.0,0.4,12,221.0
2430.0,12,281.0,10.035714285714286,6.919719499515941,12,281.0,0.4580971789940529,12,281.0
2435.0,10,249.0,9.576923076923077,5.410178530327637,10,249.0,0.4044710528994597,10,249.0
2440.0,10,105.0,4.375,2.8932339561236255,10,174.0,0.07707572161691457,10,174.0
2445.0,12,164.0,6.833333333333333,6.522870850418343,12,164.0,0.09887590005208188,12,164.0
2450.0,11,153.0,4.636363636363637,7.924314346791549,11,153.0,0.45333202755798757,11,153.0
2455.0,9,174.0,6.214285714285714,8.253505566283566,9,174.0,0.5215746022891027,9,174.0
2460.0,11,221.0,8.5,5.33297116125218,11,221.0,0.2286367155780304,11,221.0
2465.0,17,205.0,8.91304347826087,2.487637845924656,17,205.0,0.00014882047438490175,17,205.0
2470.0,9,136.0,6.8,4.052250028470548,9,184.0,0.11745083776517846,9,184.0
2475.0,9,181.0,5.838709677419355,8.438869803913436,9,181.0,0.5059777348152756,9,181.0
2480.0,7,143.0,4.931034482758621,8.825392416238925,7,143.0,0.5958530240827616,7,143.0
2485.0,6,130.0,5.6521739130434785,4.588344442798502,6,130.0,0.1839520793853409,6,130.0
2490.0,15,190.0,9.047619047619047,3.7101651681759105,15,190.0,9.557471428805927e-05,15,190.0
2495.0,13,186.0,9.789473684210526,3.0064664064298605,13,186.0,6.539915403005691e-07,13,186.0
2500.0,6,79.0,2.925925925925926,7.7449085051725115,6,157.0,0.535870069727326,6,157.0
2505.0,6,109.0,4.037037037037037,9.852393856794084,6,109.0,0.5983413962635563,6,109.0
2510.0,7,97.0,4.217391304347826,3.990895209006155,7,97.0,0.12340124505821937,7,97.0
2515.0,14,158.0,7.9,3.341195422686954,14,158.0,0.00023090688302071738,14,158.0
2520.0,14,228.0,12.666666666666666,2.859543983416543,14,228.0,9.653322681243663e-07,14,228.0
2525.0,12,220.0,7.857142857142857,6.19999638173327,12,220.0,0.4471388463336449,12,220.0
2530.0,6,112.0,4.3076923076923075,7.259837724228519,6,165.0,0.48208567468651525,6,165.0
2535.0,12,152.0,5.846153846153846,5.788313929612469,12,152.0,0.10042633998046856,12,152.0
2540.0,14,162.0,7.363636363636363,3.95391261354341,14,162.0,0.0004368901115824297,14,162.0
2545.0,12,209.0,8.038461538461538,6.858531454859232,12,209.0,0.400000359540644,12,209.0
2550.0,12,269.0,9.607142857142858,7.572750670443837,12,269.0,0.4761870230605691,12,269.0
2555.0,10,242.0,9.307692307692308,4.3481650886817365,10,242.0,0.2875760970539471,10,242.0
2560.0,10,102.0,4.25,2.684906775143807,10,177.0,0.06896187066185937,10,177.0
2565.0,12,161.0,6.708333333333333,6.0155668826922435,12,163.0,0.09327839536632923,12,163.0
2570.0,12,157.0,4.617647058823529,7.749094103722122,12,159.0,0.4429997845565616,12,159.0
2575.0,10,182.0,6.5,7.6936669756590925,10,184.0,0.4871580740331934,10,184.0
2580.0,10,232.0,8.923076923076923,4.619392589097395,10,234.0,0.20686139683942545,10,234.0
2585.0,18,223.0,8.92,2.5839403157562812,18,225.0,0.0005130259962991104,18,225.0
2590.0,10,160.0,7.2727272727272725,4.0117617630909495,10,235.0,0.10418320716767421,10,235.0
2595.0,10,210.0,6.5625,8.645382285822787,10,212.0,0.5026662694604828,10,212.0
2600.0,8,176.0,5.866666666666666,8.513949048216414,8,178.0,0.5516683872018454,8,178.0
2605.0,7,171.0,6.84,4.403346305130004,7,173.0,0.11243793281501518,7,173.0
2610.0,16,238.0,10.818181818181818,3.638706747774306,16,240.0,0.00017028103410999737,16,240.0
2615.0,14,224.0,10.666666666666666,3.2091984833388354,14,224.0,5.517621620375815e-07,14,224.0
2620.0,6,79.0,2.8214285714285716,7.8384157238691525,6,163.0,0.5308090863910807,6,163.0
2625.0,6,109.0,3.892857142857143,10.236281323555497,6,109.0,0.6051878742155332,6,109.0
2630.0,8,97.0,3.88,4.3060834708999005,8,97.0,0.048718477566052285,8,97.0
2635.0,14,157.0,7.85,3.429144799403155,14,157.0,0.00014432533626933098,14,157.0
2640.0,14,227.0,12.61111111111111,3.0699305431673505,14,227.0,6.163054236790944e-07,14,227.0
2645.0,12,219.0,8.11111111111111,6.269723553811541,12,219.0,0.4653443455650211,12,219.0
2650.0,6,113.0,4.346153846153846,7.06647790198328,6,165.0,0.4733093783825928,6,165.0
2655.0,13,158.0,6.076923076923077,5.68788887664714,13,158.0,0.14248024200459838,13,158.0
2660.0,14,171.0,7.434782608695652,4.034153414642397,14,171.0,0.0005781410000804215,14,171.0
2665.0,12,218.0,8.384615384615385,6.6726376106439265,12,218.0,0.4000021223447727,12,218.0
2670.0,12,278.0,9.586206896551724,7.264856169848461,12,278.0,0.45842772474205845,12,278.0
2675.0,10,250.0,10.0,4.21186171278896,10,250.0,0.30470178350909527,10,250.0
2680.0,12,114.0,4.75,3.0065640332472903,12,190.0,0.07884075822633867,12,190.0
2685.0,12,174.0,7.25,5.905264475427813,12,177.0,0.09395423294679864,12,177.0
2690.0,12,165.0,4.852941176470588,7.594323238467979,12,168.0,0.4471219336899439,12,168.0
2695.0,10,191.0,6.586206896551724,7.968319260544876,10,194.0,0.5063291600232321,10,194.0
2700.0,11,242.0,9.307692307692308,4.142331297169108,11,245.0,0.1612973732436877,11,245.0
2705.0,18,236.0,9.833333333333334,1.7140468112627039,18,239.0,0.0008436535642458221,18,239.0
2710.0,11,167.0,7.590909090909091,3.8703374449114323,11,223.0,0.08693585344226505,11,223.0
2715.0,11,222.0,6.7272727272727275,8.601160200738247,11,225.0,0.47158610516466243,11,225.0
2720.0,9,193.0,6.433333333333334,8.613549880642084,9,196.0,0.5232159359152861,9,196.0
2725.0,10,195.0,7.8,3.6833178595500113,10,198.0,0.08012251802879092,10,198.0
2730.0,17,271.0,11.782608695652174,3.363449478427261,17,274.0,0.0002625348657306323,17,274.0
2735.0,15,261.0,12.428571428571429,2.646177331638943,15,261.0,5.759431965511177e-07,15,261.0
2740.0,7,122.0,4.206896551724138,7.728448191255979,7,209.0,0.5024176788119168,7,209.0
2745.0,7,157.0,5.413793103448276,9.479846185059241,7,157.0,0.5454735441677285,7,157.0
2750.0,10,127.0,4.884615384615385,4.0680474555162816,10,127.0,0.04060424371893704,10,127.0
2755.0,14,160.0,7.619047619047619,3.463494355803971,14,160.0,6.059649446623733e-05,14,160.0
2760.0,14,230.0,12.105263157894736,3.1293599033942936,14,230.0,0.0,14,230.0
2765.0,12,223.0,7.433333333333334,6.906784952940947,12,223.0,0.4562298149818038,12,223.0
2770.0,6,119.0,4.576923076923077,6.652693935772171,6,164.0,0.4095237907240946,6,164.0
2775.0,12,160.0,6.153846153846154,5.769101568509845,12,160.0,0.07825394367865773,12,160.0
2780.0,14,175.0,7.608695652173913,4.166682906518117,14,175.0,1.5616236668218146e-05,14,175.0
2785.0,12,221.0,8.5,7.03034520685649,12,221.0,0.4,12,221.0
2790.0,12,281.0,10.035714285714286,7.594691432312198,12,281.0,0.4610836329799599,12,281.0
2795.0,11,250.0,9.615384615384615,3.997863497831533,11,250.0,0.23991481461075717,11,250.0
2800.0,12,120.0,5.0,2.909829373019509,12,197.0,0.07145484357285277,12,197.0
2805.0,12,180.0,7.5,6.371685953437211,12,184.0,0.0813740843448147,12,184.0
2810.0,12,171.0,5.181818181818182,7.5918112330175935,12,175.0,0.44632639620830533,12,175.0
2815.0,10,194.0,6.928571428571429,7.97510983332024,10,198.0,0.504879203765023,10,198.0
2820.0,10,244.0,9.384615384615385,4.226604087258617,10,248.0,0.10096046071330637,10,248.0
2825.0,18,237.0,9.875,2.49310339172061,18,241.0,0.00012652359521623187,18,241.0
2830.0,10,160.0,7.619047619047619,3.724560518060329,10,217.0,0.08104552140645906,10,217.0
2835.0,10,210.0,6.5625,8.641517272664395,10,214.0,0.4777361425448224,10,214.0
2840.0,8,176.0,6.068965517241379,8.573669179830981,8,180.0,0.5565262749377082,8,180.0
2845.0,7,169.0,6.5,4.886994378414565,7,173.0,0.15806034075832573,7,173.0
2850.0,16,238.0,10.818181818181818,3.4366449865931017,16,242.0,0.0001527867375844851,16,242.0
2855.0,14,226.0,10.761904761904763,2.9977707694945925,14,226.0,0.0,14,226.0
2860.0,6,82.0,2.9285714285714284,7.8271484325465766,6,199.0,0.5292402197785507,6,199.0
2865.0,6,112.0,4.0,10.073530427531622,6,112.0,0.6047562424771216,6,112.0
2870.0,6,96.0,3.84,4.449107237265824,6,96.0,0.06546604749269277,6,96.0
2875.0,14,158.0,7.523809523809524,3.8026358081556717,14,158.0,3.857255595284757e-05,14,158.0
2880.0,14,228.0,12.666666666666666,2.8695389196448713,14,228.0,5.856453173549525e-07,14,228.0
2885.0,12,220.0,7.857142857142857,6.153569239071175,12,220.0,0.45276977144887526,12,220.0
2890.0,6,114.0,4.384615384615385,6.839743859767135,6,181.0,0.47416033484751896,6,181.0
2895.0,11,155.0,5.961538461538462,5.976893152530247,11,155.0,0.13048325604581026,11,155.0
2900.0,14,167.0,7.260869565217392,4.027313868666518,14,167.0,0.00017313587868228323,14,167.0
2905.0,12,212.0,8.153846153846153,6.408419701518526,12,212.0,0.4,12,212.0
2910.0,12,272.0,9.714285714285714,6.535070387321801,12,272.0,0.44866272163933063,12,272.0
2915.0,10,242.0,8.962962962962964,5.298340111766292,10,242.0,0.3810969661078769,10,242.0
2920.0,7,100.0,4.166666666666667,2.976970474431843,7,171.0,0.09662294874765079,7,171.0
2925.0,12,156.0,6.5,6.0945268963963715,12,158.0,0.10432287842510699,12,158.0
2930.0,12,153.0,4.5,7.297886209272517,12,155.0,0.4490457885895303,12,155.0
2935.0,10,176.0,6.068965517241379,7.5889386752441785,10,178.0,0.506024342201851,10,178.0
2940.0,10,226.0,8.692307692307692,5.150191255616608,10,228.0,0.25545772057095595,10,228.0
2945.0,17,210.0,8.076923076923077,2.6980754643717972,17,212.0,0.0028462612261522754,17,212.0
2950.0,10,143.0,6.5,4.105849556024106,10,220.0,0.10877053986882408,10,220.0
2955.0,10,193.0,6.03125,8.128583953157793,10,195.0,0.46673962050600687,10,195.0
2960.0,8,166.0,5.533333333333333,8.542420797795142,8,168.0,0.5671801132786582,8,168.0
2965.0,7,163.0,6.52,5.028344126819884,7,165.0,0.2179369727977799,7,165.0
2970.0,16,228.0,10.363636363636363,2.867981229656014,16,230.0,0.0005164323770132716,16,230.0
2975.0,14,214.0,9.727272727272727,3.0993130974582583,14,214.0,1.6403680348703476e-06,14,214.0
2980.0,6,79.0,2.6333333333333333,7.897507034716418,6,189.0,0.5419446020294526,6,189.0
2985.0,6,109.0,3.892857142857143,9.5495071154522,6,109.0,0.5985195506464623,6,109.0
2990.0,8,96.0,3.5555555555555554,4.924127496828223,8,96.0,0.09596102953993446,8,96.0
2995.0,14,155.0,7.380952380952381,3.7229059897495036,14,155.0,0.0005742226266032831,14,155.0
3000.0,14,225.0,12.5,2.66410788670385,14,225.0,0.0,14,225.0
3005.0,12,217.0,7.482758620689655,6.915257962505022,12,217.0,0.4650638855793587,12,217.0
3010.0,6,115.0,4.423076923076923,6.296459506789095,6,179.0,0.3969770396381211,6,179.0
3015.0,14,162.0,6.230769230769231,5.506732329901839,14,162.0,0.06767324858348632,14,162.0
3020.0,14,175.0,7.291666666666667,4.771590683558759,14,175.0,0.0002116592112859188,14,175.0
3025.0,12,221.0,8.5,6.762645525269627,12,221.0,0.40000062156845184,12,221.0
3030.0,12,281.0,10.035714285714286,7.205239545023813,12,281.0,0.4639723444622246,12,281.0
3035.0,10,252.0,10.08,4.547462518541766,10,252.0,0.3460427251703195,10,252.0
3040.0,10,111.0,4.625,2.9620398532543653,10,188.0,0.08000978380611698,10,188.0
3045.0,12,170.0,7.083333333333333,6.020393101961045,12,173.0,0.10096382914393763,12,173.0
3050.0,11,157.0,4.617647058823529,7.285200129333851,11,160.0,0.4484757522111917,11,160.0
3055.0,10,183.0,6.310344827586207,7.831175913252804,10,186.0,0.5023606203580173,10,186.0
3060.0,11,235.0,9.038461538461538,4.549697718816154,11,238.0,0.23017123471517686,11,238.0
3065.0,19,228.0,9.5,1.6193776595427234,19,231.0,0.0002852515402899764,19,231.0
3070.0,11,161.0,7.318181818181818,3.6949054117454803,11,216.0,0.09951787991837996,11,216.0
3075.0,11,216.0,6.545454545454546,8.617393388748232,11,219.0,0.47312896301656865,11,219.0
3080.0,9,188.0,6.064516129032258,8.473247205210427,9,191.0,0.5325605440868252,9,191.0
3085.0,10,187.0,7.1923076923076925,4.048807070364657,10,190.0,0.10842116424934278,10,190.0
3090.0,17,262.0,11.391304347826088,3.333382235936376,17,265.0,7.406678492873858e-05,17,265.0
3095.0,15,256.0,11.636363636363637,2.9346472783261386,15,256.0,0.0,15,256.0
3100.0,7,121.0,4.172413793103448,7.432389778800295,7,203.0,0.49578824877366207,7,203.0
3105.0,7,156.0,5.379310344827586,9.107510802880272,7,168.0,0.5366757988552269,7,168.0
3110.0,10,126.0,4.666666666666667,4.480700311378433,10,126.0,0.05584449270384878,10,126.0
3115.0,14,166.0,7.904761904761905,3.284178180297444,14,168.0,0.025326136578670132,14,168.0
3120.0,14,236.0,12.421052631578947,3.2841002351551043,14,236.0,0.0,14,236.0
3125.0,12,228.0,7.6,7.031503153879072,12,228.0,0.46546851637531234,12,228.0
3130.0,6,120.0,4.615384615384615,6.518135601110125,6,190.0,0.4082579749031307,6,190.0
3135.0,12,161.0,6.1923076923076925,5.435475741661081,12,161.0,0.0730389430168039,12,161.0
3140.0,14,173.0,7.521739130434782,4.1769449948858535,14,173.0,0.00023157163291619574,14,173.0
3145.0,12,219.0,8.423076923076923,6.583364381573663,12,219.0,0.4,12,219.0
3150.0,12,279.0,9.964285714285714,7.171837915699402,12,279.0,0.4561887773716972,12,279.0
3155.0,10,247.0,9.5,4.635877425168659,10,247.0,0.31009200003821663,10,247.0
3160.0,11,107.0,4.458333333333333,3.037794863059538,11,181.0,0.08381348452683803,11,181.0
3165.0,12,166.0,6.916666666666667,6.274794672975954,12,168.0,0.09779481712661739,12,168.0
3170.0,12,159.0,4.818181818181818,7.303911365163649,12,161.0,0.43881362910770044,12,161.0
3175.0,10,184.0,6.571428571428571,7.756468518753189,10,186.0,0.5025234219533236,10,186.0
3180.0,10,234.0,9.0,4.8371454217515355,10,236.0,0.1829578012068162,10,236.0
3185.0,17,220.0,8.8,2.802012343576302,17,222.0,0.0009096989867710341,17,222.0
3190.0,10,152.0,7.6,3.3350267059606282,10,202.0,0.08345392042370775,10,202.0
3195.0,10,202.0,6.3125,8.789357999327667,10,204.0,0.4880551653747947,10,204.0
3200.0,8,169.0,5.633333333333334,8.886020409630355,8,171.0,0.5554293901237919,8,171.0
3205.0,7,160.0,6.4,5.294002254439537,7,162.0,0.17124012631480753,7,162.0
3210.0,16,227.0,10.318181818181818,3.2268257130973,16,229.0,6.0808348111184374e-05,16,229.0
3215.0,14,213.0,10.65,2.696766519748789,14,213.0,0.0,14,213.0
3220.0,6,80.0,2.857142857142857,7.537212336397096,6,191.0,0.5270547417806392,6,191.0
3225.0,6,110.0,3.9285714285714284,9.46521000383999,6,110.0,0.5992811701772359,6,110.0
3230.0,6,96.0,3.84,4.694582260539899,6,96.0,0.11631440216677048,6,96.0
3235.0,14,153.0,7.285714285714286,3.462295346467609,14,153.0,0.000518762859141218,14,153.0
3240.0,14,223.0,12.38888888888889,2.6626736770042685,14,223.0,3.74687472834126e-06,14,223.0
3245.0,12,214.0,7.133333333333334,6.722329330548215,12,214.0,0.45554274651364907,12,214.0
3250.0,6,111.0,4.269230769230769,6.491758389792167,6,175.0,0.4309222057361813,6,175.0
3255.0,11,151.0,5.8076923076923075,5.292668892110495,11,151.0,0.07548106704654016,11,151.0
3260.0,13,160.0,6.666666666666667,4.513783694950159,13,160.0,0.0010831011198626187,13,160.0
3265.0,12,207.0,7.961538461538462,6.790066328225121,12,207.0,0.4,12,207.0
3270.0,12,267.0,9.535714285714286,7.4295326846607255,12,267.0,0.455656360665139,12,267.0
3275.0,10,240.0,9.23076923076923,4.4135656760135396,10,240.0,0.27319971080043937,10,240.0
3280.0,11,112.0,4.666666666666667,2.8633234254224145,11,208.0,0.10287346697910926,11,208.0
3285.0,12,171.0,7.125,5.69840404001576,12,175.0,0.0923112066525216,12,175.0
3290.0,12,163.0,4.794117647058823,7.449262496690627,12,167.0,0.46879719836375244,12,167.0
3295.0,10,187.0,6.448275862068965,8.015854813898603,10,191.0,0.5227168663459625,10,191.0
3300.0,11,238.0,9.153846153846153,4.498627129634153,11,242.0,0.22840853286339263,11,242.0
3305.0,19,234.0,9.75,1.8443927955589186,19,238.0,0.00020188669323000592,19,238.0
3310.0,11,164.0,7.454545454545454,3.737216988464512,11,222.0,0.07907904692363268,11,222.0
3315.0,11,219.0,6.636363636363637,8.22249745524554,11,223.0,0.4609095848200681,11,223.0
3320.0,9,190.0,6.333333333333333,8.00058512256302,9,194.0,0.5167018429021243,9,194.0
3325.0,8,189.0,7.56,4.97139862555672,8,193.0,0.20210234234933466,8,193.0
3330.0,17,260.0,11.304347826086957,3.2961674659653855,17,264.0,0.0002140480912534813,17,264.0
3335.0,15,250.0,11.904761904761905,2.441949145712757,15,250.0,0.0,15,250.0
3340.0,7,119.0,4.103448275862069,7.801066454551924,7,196.0,0.525714856917202,7,196.0
3345.0,7,154.0,5.310344827586207,9.624743662030914,7,154.0,0.5580559679283198,7,154.0
3350.0,12,127.0,5.08,3.3973353151146184,12,127.0,0.038467879794242064,12,127.0
3355.0,14,167.0,7.9523809523809526,3.180426237939311,14,169.0,0.025130283492915736,14,169.0
3360.0,14,237.0,12.473684210526315,2.946730857036749,14,237.0,0.0,14,237.0
3365.0,12,227.0,7.32258064516129,6.8357268895792975,12,227.0,0.4605106979672135,12,227.0
3370.0,6,120.0,4.615384615384615,6.941742407901087,6,170.0,0.4587922393754434,6,170.0
3375.0,12,164.0,6.3076923076923075,5.88142555523531,12,164.0,0.11259577036341312,12,164.0
3380.0,13,172.0,7.166666666666667,5.1201589092361735,13,172.0,0.0005576310750641972,13,172.0
3385.0,11,213.0,8.192307692307692,7.479482330972309,11,213.0,0.42105263157894735,11,213.0
3390.0,11,268.0,9.925925925925926,7.626808913095074,11,268.0,0.4838355922954474,11,268.0
3395.0,9,231.0,9.24,4.724742521796995,9,231.0,0.310091744454554,9,231.0
3400.0,9,89.0,3.869565217391304,2.7340187731438697,9,184.0,0.08992516672393513,9,184.0
3405.0,11,143.0,6.217391304347826,6.2933198882198615,11,144.0,0.1051447056265533,11,144.0
3410.0,10,128.0,4.0,7.309814518894052,10,129.0,0.4315748990991191,10,129.0
3415.0,9,146.0,5.214285714285714,8.055318387518751,9,147.0,0.5161111194072604,9,147.0
3420.0,9,191.0,7.64,5.729522302504895,9,192.0,0.2936991306187561,9,192.0
3425.0,17,183.0,7.625,2.1114450984201274,17,184.0,0.0014504595523506928,17,184.0
3430.0,11,158.0,7.9,3.025333281101476,11,196.0,0.09655301348441336,11,196.0
3435.0,11,213.0,6.65625,7.827302537792624,11,214.0,0.4566284700302552,11,214.0
3440.0,9,182.0,6.275862068965517,7.936113375256976,9,183.0,0.5371579622652555,9,183.0
3445.0,8,182.0,7.28,4.236730028529048,8,183.0,0.11550222157006501,8,183.0
3450.0,17,253.0,11.0,3.411173423938997,17,254.0,0.000281418159753627,17,254.0
3455.0,15,246.0,11.714285714285714,2.591219579922283,15,246.0,0.0,15,246.0
3460.0,7,117.0,4.0344827586206895,7.4650296153944975,7,164.0,0.5162007885460146,7,164.0
3465.0,7,152.0,5.241379310344827,9.14655490362578,7,152.0,0.5509169589255404,7,152.0
3470.0,8,122.0,4.518518518518518,4.285140355450064,8,122.0,0.07267412824784546,8,122.0
3475.0,14,155.0,7.045454545454546,3.836061081496136,14,155.0,0.0003413514752061662,14,155.0
3480.0,14,225.0,11.842105263157896,2.9680828795088767,14,225.0,0.0,14,225.0
3485.0,12,216.0,7.2,6.550562770628324,12,216.0,0.45244099363115886,12,216.0
3490.0,6,110.0,4.230769230769231,6.551223339914438,6,178.0,0.44445654238728627,6,178.0
3495.0,10,150.0,5.769230769230769,5.9033498231363275,10,150.0,0.12378635617398748,10,150.0
3500.0,14,161.0,7.0,4.213919847002443,14,161.0,0.00011813487661929952,14,161.0
3505.0,12,207.0,7.961538461538462,6.771289570185187,12,207.0,0.4,12,207.0
3510.0,12,267.0,9.535714285714286,7.416844993844537,12,267.0,0.46306714465810134,12,267.0
3515.0,10,240.0,9.23076923076923,4.2315156794074,10,240.0,0.26113192269304497,10,240.0
3520.0,11,112.0,4.666666666666667,2.714599971214399,11,204.0,0.09326625472045183,11,204.0
3525.0,12,171.0,7.125,5.687335293954782,12,173.0,0.07478581887138222,12,173.0
3530.0,11,162.0,4.764705882352941,7.368480804446779,11,164.0,0.4319193650304684,11,164.0
3535.0,10,186.0,6.413793103448276,7.715589796517746,10,188.0,0.4936288410956955,10,188.0
3540.0,10,236.0,9.076923076923077,5.068235147837001,10,238.0,0.22468168353944615,10,238.0
3545.0,19,223.0,9.291666666666666,1.6401798723837169,19,225.0,0.0004621112692925652,19,225.0
3550.0,11,159.0,7.571428571428571,2.9751422103492104,11,237.0,0.10235381642085474,11,237.0
3555.0,11,214.0,6.484848484848484,8.323334858082063,11,216.0,0.4808804024284048,11,216.0
3560.0,9,185.0,5.78125,8.671978685858816,9,187.0,0.5439868425120639,9,187.0
3565.0,10,187.0,7.1923076923076925,4.856863356007289,10,189.0,0.12457611468606478,10,189.0
3570.0,17,262.0,11.391304347826088,3.4182102112596544,17,264.0,8.028397567520491e-05,17,264.0
3575.0,15,256.0,12.19047619047619,2.70540804708883,15,256.0,0.0,15,256.0
3580.0,7,116.0,4.0,6.76724082996663,7,235.0,0.4681603118209424,7,235.0
3585.0,7,151.0,5.206896551724138,9.01341632042683,7,165.0,0.5508281296487985,7,165.0
3590.0,8,121.0,4.481481481481482,5.412579944863823,8,121.0,0.17447602746318433,8,121.0
3595.0,13,150.0,7.142857142857143,3.5484050935747082,13,150.0,0.0028837524718870267,13,150.0
3600.0,14,219.0,11.526315789473685,3.0628832360648217,14,219.0,2.5645382693749218e-06,14,219.0
